file,id,n_words,pred_class,polarity,intensity,prob_neg,prob_neu,prob_pos,gate_text,gate_audio,gate_vision
附件3_01,附件3_01,6,0,Negative,-0.6089,0.6177,0.3074,0.0749,0.5101,0.3389,0.151
附件3_02,附件3_02,28,1,Neutral,0.0202,0.1991,0.6321,0.1689,0.5241,0.2673,0.2086
附件3_03,附件3_03,32,1,Neutral,0.3504,0.217,0.4327,0.3503,0.7448,0.1051,0.1501
附件3_04,附件3_04,31,2,Positive,0.4807,0.1359,0.4036,0.4605,0.5389,0.0977,0.3633
附件3_05,附件3_05,12,0,Negative,-0.9398,0.7963,0.1416,0.0621,0.7511,0.1491,0.0999
附件3_06,附件3_06,25,2,Positive,1.2599,0.0121,0.1091,0.8789,0.6601,0.0779,0.262
附件3_07,附件3_07,21,1,Neutral,0.1229,0.2759,0.4706,0.2535,0.6339,0.1735,0.1926
附件3_08,附件3_08,15,0,Negative,0.0966,0.4652,0.252,0.2828,0.7816,0.1307,0.0877
附件3_09,附件3_09,14,2,Positive,1.5516,0.0017,0.0418,0.9565,0.8924,0.0358,0.0719
附件3_10,附件3_10,6,1,Neutral,-0.0102,0.1194,0.7789,0.1017,0.6895,0.2464,0.0642
附件3_11,附件3_11,14,1,Neutral,0.496,0.1155,0.4649,0.4196,0.6349,0.1628,0.2023
附件3_12,附件3_12,13,1,Neutral,0.3149,0.221,0.4443,0.3347,0.8615,0.0631,0.0753
附件3_13,附件3_13,19,1,Neutral,0.5365,0.104,0.4512,0.4447,0.758,0.0684,0.1736
附件3_14,附件3_14,23,0,Negative,-0.8776,0.7519,0.1909,0.0573,0.8248,0.0908,0.0844
附件3_15,附件3_15,27,2,Positive,1.0716,0.0063,0.1288,0.8649,0.7661,0.0674,0.1665
附件3_16,附件3_16,34,2,Positive,1.6464,0.0178,0.0577,0.9245,0.8157,0.0708,0.1134
附件3_17,附件3_17,22,0,Negative,-0.0847,0.4579,0.3034,0.2387,0.6072,0.1571,0.2357
附件3_18,附件3_18,17,2,Positive,0.6341,0.1339,0.3065,0.5595,0.6674,0.1702,0.1624
附件3_19,附件3_19,24,0,Negative,-0.1586,0.4623,0.3251,0.2125,0.5644,0.1828,0.2528
附件3_20,附件3_20,48,1,Neutral,-0.0019,0.3311,0.4606,0.2082,0.7558,0.1179,0.1262
附件3_21,附件3_21,9,2,Positive,0.7088,0.0562,0.37,0.5739,0.6901,0.2031,0.1068
附件3_22,附件3_22,17,2,Positive,0.399,0.2368,0.357,0.4063,0.648,0.1654,0.1866
附件3_23,附件3_23,13,1,Neutral,0.4301,0.0564,0.6032,0.3404,0.6712,0.2267,0.102
附件3_24,附件3_24,8,0,Negative,-0.3072,0.5333,0.347,0.1198,0.7841,0.0498,0.1661
附件3_25,附件3_25,9,2,Positive,0.4386,0.1722,0.4025,0.4253,0.7702,0.0464,0.1834
附件3_26,附件3_26,22,2,Positive,0.9422,0.0723,0.2157,0.712,0.676,0.1725,0.1516
附件3_27,附件3_27,21,2,Positive,0.9922,0.0336,0.2089,0.7574,0.6844,0.1408,0.1748
附件3_28,附件3_28,33,2,Positive,0.5756,0.0403,0.4628,0.4968,0.8129,0.097,0.0901
附件3_29,附件3_29,18,2,Positive,0.7481,0.1221,0.2551,0.6227,0.7097,0.1299,0.1603
附件3_30,附件3_30,24,2,Positive,0.4274,0.1789,0.4019,0.4192,0.75,0.0716,0.1784
