sample_id,pred_class,pred_polarity,pred_intensity,confidence,main_modality,share_text,share_audio,share_vision,phi_text_cls,phi_audio_cls,phi_vision_cls,phi_text_reg,phi_audio_reg,phi_vision_reg,efficiency_cls,sum_phi_cls,efficiency_reg,sum_phi_reg,v_empty_cls,v_full_cls,text_attention_positions,text_attention_set_drop,text_attention_matches_occlusion_topk,text_evidence_positions,text_evidence_drop,text_positions_scanned,text_evidence_set_drop,text_evidence_words,text_evidence_start_s,text_evidence_end_s,text_evidence_confidence,audio_attention_positions,audio_attention_set_drop,audio_attention_matches_occlusion_topk,audio_evidence_positions,audio_evidence_drop,audio_positions_scanned,audio_evidence_set_drop,audio_evidence_start_s,audio_evidence_end_s,audio_evidence_frames,audio_evidence_words,vision_attention_positions,vision_attention_set_drop,vision_attention_matches_occlusion_topk,vision_evidence_positions,vision_evidence_drop,vision_positions_scanned,vision_evidence_set_drop,vision_evidence_start_s,vision_evidence_end_s,vision_evidence_frames,vision_evidence_words,text_alignment_status,text_token_ids_exact_match,text_transcript_similarity,duration_s
01,1,Neutral,0.2397,0.73909,text,0.6251,0.3142,0.0606,0.170856,-0.085885,-0.016571,0.19484,-0.045413,0.001689,0.0684,0.0684,0.151116,0.151116,0.670689,0.739089,11;2;3;5;10,-0.052596,0,4;3;22;17;9,0.0154;0.0112;0.0107;0.0088;0.0083,22,0.069208,components;wear;requirements;performs;belt,1.481;1.2208;7.6852;6.1642;3.0421,1.9613;1.401;8.2656;6.7046;3.2222,0.9868;0.7427;0.9638;0.9602;0.9996,22;8;9;20;21,-0.002445,0,19;22;18;11;15,0.0015;0.0014;0.0013;0.0013;0.0013,22,0.008308,3.415;3.954;3.235;1.977;2.696,3.594;4.134;3.415;2.157;2.876,34-36;40-41;32-34;20-22;27-29,,8;7;6;4;9,0.001519,0,4;3;1;2;13,0.0019;0.0015;0.0014;0.0010;0.0009,22,0.00809,0.719;0.539;0.180;0.359;2.336,0.899;0.719;0.359;0.539;2.516,7-9;5-7;2-4;4-5;23-25,,ok,,0.959409594095941,8.986125
02,2,Positive,0.25627,0.45323,text,0.783,0.1295,0.0875,0.314551,-0.052029,-0.035142,0.464951,-0.1576,-0.139662,0.227381,0.227381,0.167689,0.167689,0.225849,0.45323,2;4;18;3;1,-0.112694,0,10;11;5;12;3,0.0484;0.0473;0.0276;0.0202;0.0193,19,0.170393,happiness;-;by;not;to,1.4436;;0.9825;1.8246;0.7419,1.8045;;1.0426;1.9248;0.782,0.9469;;0.9989;0.9884;0.9953,1;7;8;9;14,-0.0067,0,1;13;8;9;7,0.0009;-0.0011;-0.0013;-0.0015;-0.0015,19,-0.005607,0.067;0.865;0.532;0.599;0.466,0.133;0.932;0.599;0.666;0.532,1-1;9-9;5-6;6-7;5-5,,17;3;2;16;15,-0.007658,0,3;2;10;4;9,-0.0011;-0.0013;-0.0014;-0.0014;-0.0014,19,-0.006778,0.200;0.133;0.666;0.266;0.599,0.266;0.200;0.732;0.333;0.666,2-3;1-2;7-7;3-3;6-7,,ok,,1.0,3.328375
03,1,Neutral,0.02453,0.65642,text,0.4828,0.3436,0.1735,0.200687,-0.142826,-0.072131,-0.161257,-0.010131,0.107335,-0.01427,-0.01427,-0.064053,-0.064053,0.670689,0.656419,12;14;4;22;18,-0.079403,0,15;16;13;6;7,0.0271;0.0262;0.0239;0.0168;0.0166,33,0.117301,bankwest;bankwest;is;lender;at,3.0074;3.0074;2.6064;1.0426;1.5638,3.689;3.689;2.7066;1.4034;1.6039,0.9914;0.9914;0.7194;0.8509;0.9961,22;25;26;9;23,0.008455,0,21;24;22;23;29,0.0076;0.0073;0.0060;0.0056;0.0010,33,0.036098,4.025;4.600;4.217;4.408;5.558,4.217;4.792;4.408;4.600;5.750,40-42;46-48;42-44;44-46;56-58,,17;16;15;19;18,0.001647,0,13;14;24;23;17,0.0010;0.0007;0.0006;0.0003;0.0002,33,0.003495,2.492;2.683;4.600;4.408;3.258,2.683;2.875;4.792;4.600;3.450,25-27;27-29;46-48;44-46;33-35,,ok,,0.9292929292929293,9.5835
04,0,Negative,-0.65524,0.73113,text,0.9029,0.0264,0.0707,0.70334,-0.020559,-0.055111,-1.540791,0.390155,0.406815,0.62767,0.62767,-0.74382,-0.74382,0.103462,0.731132,10;21;25;24;3,0.443096,0,25;21;4;3;2,0.1410;0.0889;0.0301;0.0297;0.0241,26,0.377303,not;goodbye;it;blow;i,6.0266;4.4849;1.0211;0.7408;0.6207,6.2468;4.9654;1.0612;0.9611;0.6407,0.9902;0.8691;0.5412;0.8691;0.9997,25;26;14;17;18,-0.024185,0,7;10;6;8;9,0.0015;0.0003;-0.0001;-0.0003;-0.0003,26,0.004979,0.959;1.369;0.822;1.096;1.233,1.096;1.506;0.959;1.233;1.369,10-11;14-15;8-10;11-12;12-14,,3;4;2;8;9,-0.038216,0,3;4;2;17;1,-0.0015;-0.0028;-0.0043;-0.0073;-0.0073,26,-0.039403,0.411;0.548;0.274;2.328;0.137,0.548;0.685;0.411;2.465;0.274,4-5;5-7;3-4;23-25;1-3,,ok,,0.9569377990430622,6.8475
05,1,Neutral,0.40981,0.51027,vision,0.3406,0.215,0.4444,0.171461,-0.108213,-0.223669,0.074491,-0.062858,0.309588,-0.16042,-0.16042,0.321221,0.321221,0.670689,0.510268,12;13;14;4;5,0.092048,0,13;14;11;6;7,0.0512;0.0475;0.0261;0.0199;0.0149,15,0.165898,"wagon;marketing;for;chloe;,",4.6508;4.9916;4.1697;2.4457;,4.9315;5.4527;4.2699;2.7664;,0.6735;0.8341;0.9994;0.8668;,12;4;5;10;9,-0.008207,0,11;9;10;3;2,0.0036;0.0023;0.0023;0.0018;0.0017,15,0.011748,1.323;1.083;1.203;0.361;0.241,1.443;1.203;1.323;0.481;0.361,13-14;11-12;12-13;4-5;2-4,,14;15;13;4;3,-0.015968,0,14;15;13;11;10,0.0098;0.0097;0.0021;-0.0067;-0.0081,15,0.016036,1.684;1.804;1.564;1.323;1.203,1.804;1.925;1.684;1.443;1.323,17-18;18-19;16-17;13-14;12-13,,ok,,0.907563025210084,6.014
06,2,Positive,0.56637,0.5998,text,0.8592,0.0268,0.114,0.447218,-0.013953,-0.059319,0.554343,0.054941,-0.131501,0.373946,0.373946,0.477783,0.477783,0.225849,0.599795,11;29;9;35;21,0.054877,0,21;11;24;13;14,0.0375;0.0301;0.0262;0.0209;0.0191,35,0.153547,impressive;sense;then;just;like,3.9688;1.8441;5.5924;2.1447;2.3452,4.4098;2.0846;5.6926;2.3051;2.4655,0.9337;0.9341;0.5046;0.9847;0.9982,31;30;9;24;32,-0.019736,0,24;1;22;23;7,0.0042;0.0014;0.0009;-0.0001;-0.0002,35,0.007483,3.916;0.163;3.590;3.753;1.142,4.079;0.326;3.753;3.916;1.305,39-41;2-3;36-38;38-39;11-13,,28;17;24;16;29,-0.008584,0,26;28;30;27;29,-0.0008;-0.0010;-0.0010;-0.0011;-0.0011,35,-0.004774,4.242;4.569;4.895;4.405;4.732,4.405;4.732;5.058;4.569;4.895,42-44;46-47;49-51;44-46;47-49,,ok,,0.8807947019867549,8.1580625
07,2,Positive,0.74331,0.67814,text,0.7492,0.0857,0.1651,0.338849,0.03875,0.074696,0.70299,-0.047213,-0.001051,0.452295,0.452295,0.654726,0.654726,0.225849,0.678144,21;1;20;48;19,0.131684,0,21;1;26;20;46,0.0779;0.0145;0.0123;0.0103;0.0101,48,0.163363,enthusiastically;as;growing;“;ways,6.0016;0.5802;8.8223;;14.5038,7.0218;0.6602;9.1224;;14.8639,0.958;0.9934;0.9799;;0.9974,13;19;41;39;40,-0.002621,0,16;22;11;10;9,0.0012;0.0011;0.0010;0.0010;0.0010,48,0.005634,6.805;9.357;4.678;4.253;3.828,7.230;9.782;5.104;4.678;4.253,68-72;94-98;47-51;43-47;38-43,,26;25;17;21;20,-0.000371,0,17;18;41;39;40,0.0010;0.0010;0.0007;0.0007;0.0007,48,0.004281,7.230;7.656;17.438;16.587;17.012,7.656;8.081;17.863;17.012;17.438,72-77;77-81;174-179;166-170;170-174,,ok,,0.4977238239757208,21.2655625
08,2,Positive,0.4487,0.57329,text,0.8588,0.0316,0.1097,0.415826,-0.015283,-0.053104,0.585416,-0.11537,-0.109934,0.347438,0.347438,0.360113,0.360113,0.225849,0.573288,10;8;11;2;4,0.185129,0,10;8;1;2;5,0.0624;0.0539;0.0435;0.0331;0.0201,11,0.275586,grand;universal;that;brings;tonight,3.3858;2.0435;0.6411;0.8615;1.4625,3.6863;2.5043;0.7813;1.0618;1.8031,0.9688;0.9943;0.9125;0.9535;0.9891,2;11;10;5;6,-0.033639,0,1;10;2;11;4,0.0050;-0.0047;-0.0049;-0.0053;-0.0061,11,-0.011541,0.098;0.982;0.196;1.080;0.393,0.196;1.080;0.294;1.178;0.491,1-2;10-11;2-3;11-12;4-5,,1;2;11;4;10,-0.033206,0,10;11;9;4;8,-0.0057;-0.0057;-0.0061;-0.0066;-0.0071,11,-0.032006,0.982;1.080;0.883;0.393;0.785,1.080;1.178;0.982;0.491;0.883,10-11;11-12;9-10;4-5;8-9,,ok,,0.96875,4.9084375
09,0,Negative,-1.78785,0.95349,text,0.8154,0.1141,0.0705,0.693101,0.097006,0.059924,-1.858637,0.016873,-0.034668,0.850032,0.850032,-1.876432,-1.876432,0.103462,0.953494,16;7;15;17;8,-0.006607,0,18;9;14;6;7,0.0041;0.0034;0.0020;0.0020;0.0018,18,0.028926,it;this;i;did;not,4.1403;1.6481;2.8138;1.226;1.3667,4.3614;1.7486;2.8339;1.3265;1.4672,0.3994;0.8105;0.9979;0.9929;0.9106,7;8;16;18;11,0.000175,0,18;17;14;16;7,0.0001;0.0001;0.0001;0.0001;0.0000,18,0.000434,1.787;1.688;1.390;1.589;0.695,1.886;1.787;1.489;1.688;0.794,18-19;17-18;14-15;16-17;7-8,,14;15;12;13;16,0.000267,0,15;16;11;12;13,0.0001;0.0001;0.0000;0.0000;0.0000,18,0.000264,1.489;1.589;1.092;1.191;1.291,1.589;1.688;1.191;1.291;1.390,15-16;16-17;11-12;12-13;13-14,,ok,,0.8805970149253731,4.9643125
10,0,Negative,-1.26568,0.8588,text,0.9707,0.0243,0.005,0.740681,0.018504,-0.003849,-1.748667,0.216119,0.178279,0.755336,0.755336,-1.354268,-1.354268,0.103462,0.858798,29;30;8;13;22,0.068844,0,30;29;28;26;27,0.0611;0.0371;0.0225;0.0168;0.0117,30,0.376196,terrible;pretty;was;this;one,8.6938;8.3934;7.512;6.9511;7.3116,9.2147;8.6137;7.6722;7.1113;7.4318,0.7076;0.9993;0.9958;0.9979;0.916,10;11;22;17;12,-0.006645,0,16;15;8;13;18,-0.0001;-0.0001;-0.0001;-0.0002;-0.0004,30,-0.000605,3.128;2.933;1.564;2.542;3.519,3.324;3.128;1.760;2.737;3.715,31-33;29-31;16-18;25-27;35-37,,18;17;5;6;19,-0.004172,0,6;5;7;4;8,0.0005;0.0005;-0.0003;-0.0005;-0.0011,30,-4.5e-05,1.173;0.978;1.369;0.782;1.564,1.369;1.173;1.564;0.978;1.760,12-14;10-12;14-16;8-10;16-18,,ok,,0.9140625,9.7755625
11,0,Negative,-0.93227,0.73793,text,0.7831,0.1297,0.0872,0.496864,0.082268,0.055333,-0.906338,-0.084501,-0.030017,0.634464,0.634464,-1.020855,-1.020855,0.103462,0.737926,4;3;2;6;5,0.379551,0,3;14;4;2;6,0.0878;0.0241;0.0185;0.0093;0.0052,14,0.334897,be;director;ashamed;would;have,0.7826;4.836;0.923;0.6221;3.3511,0.8628;5.2774;1.3444;0.7424;3.4715,0.9991;0.6962;0.969;0.2549;0.9819,7;9;3;11;6,0.000691,0,12;2;9;10;11,0.0016;0.0015;0.0011;0.0010;0.0009,14,0.006803,1.382;0.230;1.037;1.152;1.267,1.497;0.345;1.152;1.267;1.382,14-15;2-3;10-12;12-13;13-14,,7;10;11;9;6,-0.00057,0,2;5;1;4;14,0.0004;0.0004;0.0003;0.0003;0.0002,14,0.001853,0.230;0.576;0.115;0.461;1.613,0.345;0.691;0.230;0.576;1.728,2-3;6-7;1-2;5-6;16-17,,ok,,0.8907563025210085,5.759
12,0,Negative,-1.1802,0.91629,text,0.8866,0.0024,0.111,0.724094,-0.001946,0.090683,-1.320724,0.162884,-0.110949,0.81283,0.81283,-1.268789,-1.268789,0.103462,0.916292,8;40;41;14;30,0.011336,0,41;40;34;21;33,0.0131;0.0078;0.0051;0.0042;0.0034,42,0.05963,low;very;sag;perhaps;sag,12.0336;11.7533;9.9513;7.108;9.9513,12.2739;11.9535;10.3117;7.4885;10.3117,0.9916;0.8893;0.7713;0.9439;0.7713,31;30;36;25;8,-0.003415,0,6;38;7;40;15,0.0006;0.0004;0.0003;0.0002;0.0001,42,0.002032,1.545;9.785;1.802;10.300;3.862,1.802;10.042;2.060;10.557;4.120,15-18;98-100;18-21;103-106;39-41,,23;22;36;5;17,0.000111,0,18;19;20;35;34,0.0001;0.0001;0.0001;0.0001;0.0001,42,0.000325,4.635;4.892;5.150;9.012;8.755,4.892;5.150;5.407;9.270;9.012,46-49;49-51;51-54;90-93;88-90,,ok,,0.9719101123595506,12.8745625
13,1,Neutral,0.16427,0.58806,audio,0.3382,0.6618,0.0,0.086378,-0.169002,0.0,0.255016,-0.17933,0.0,-0.082624,-0.082624,0.075686,0.075686,0.670689,0.588064,17;2;25;5;14,-0.001954,0,18;20;6;19;23,0.0132;0.0107;0.0104;0.0098;0.0090,30,0.060553,find;relationship;take;a;two,4.8736;5.1143;1.1031;5.0541;6.5583,5.014;5.6758;1.2435;5.0742;6.6786,0.4418;0.9503;0.9764;0.0088;0.9985,16;13;15;14;5,0.011475,0,13;16;14;15;17,0.0069;0.0037;0.0022;0.0021;0.0020,30,0.021142,2.258;2.779;2.432;2.605;2.953,2.432;2.953;2.605;2.779;3.126,23-24;28-30;24-26;26-28;30-31,,,,,,,0,,,,,,ok,,0.8366533864541833,8.68425
14,1,Neutral,0.27419,0.71123,text,0.5269,0.0702,0.4029,0.397205,-0.052943,-0.303718,-0.437024,0.012644,0.609981,0.040545,0.040545,0.185601,0.185601,0.670689,0.711233,8;4;15;19;2,0.091242,0,4;2;12;19;8,0.0202;0.0185;0.0174;0.0168;0.0140,35,0.113573,co;is;vettese;director;rossen,0.7805;0.6004;2.1413;4.2827;1.581,0.8805;0.6404;2.4615;4.6429;1.9612,0.9997;0.6152;0.6351;0.978;0.6751,28;33;34;35;29,0.004806,0,29;15;35;34;32,0.0019;0.0017;0.0016;0.0015;0.0013,35,0.00909,5.931;3.068;7.159;6.954;6.545,6.136;3.272;7.363;7.159;6.749,59-61;31-33;72-74;70-72;65-67,,3;6;4;5;1,-0.022313,0,4;5;6;3;11,-0.0043;-0.0043;-0.0043;-0.0044;-0.0052,35,-0.021425,0.818;1.023;1.227;0.614;2.250,1.023;1.227;1.432;0.818;2.454,8-10;10-12;12-14;6-8;22-25,,ok,,0.9174917491749175,10.226375
15,2,Positive,0.71832,0.67534,text,0.7333,0.2239,0.0427,0.360418,0.110061,-0.02099,0.411647,0.300125,-0.082036,0.449488,0.449488,0.629735,0.629735,0.225849,0.675338,5;8;14;13;4,0.049904,0,5;20;10;13;21,0.0320;0.0282;0.0160;0.0144;0.0135,21,0.118053,poverty;transform;prioritize;because;lives,1.6232;6.7532;2.5049;3.6271;7.0338,1.7635;6.9937;2.9458;4.0078;7.2943,0.1428;0.2915;0.0031;0.2224;0.5651,3;5;13;6;7,-0.02235,0,14;1;2;19;13,0.0065;0.0064;0.0062;0.0047;0.0043,21,0.030551,2.048;0.146;0.293;2.779;1.902,2.194;0.293;0.439;2.926;2.048,20-22;1-3;3-4;28-29;19-20,,21;20;15;19;16,-0.00788,0,21;20;17;18;19,0.0042;0.0003;-0.0005;-0.0019;-0.0036,21,-0.002213,3.072;2.926;2.487;2.633;2.779,3.218;3.072;2.633;2.779;2.926,31-32;29-31;25-26;26-28;28-29,,ok,,0.2125984251968504,7.3143125
16,0,Negative,-2.06252,0.95874,text,0.9049,0.0089,0.0862,0.773963,0.007594,0.073724,-2.081761,-0.017879,-0.051463,0.855281,0.855281,-2.151103,-2.151103,0.103462,0.958743,10;5;4;9;11,0.038263,0,10;5;1;6;8,0.0027;0.0015;0.0003;0.0001;0.0000,11,0.012646,"terrible;terrible;it;,;is",1.8343;0.8063;0.4838;;1.6125,2.1769;1.1893;0.6249;;1.673,0.9941;0.9686;0.5473;;0.6981,8;1;3;7;2,0.000154,0,1;2;3;9;4,0.0001;0.0001;0.0001;0.0000;0.0000,11,0.000437,0.061;0.122;0.183;0.548;0.243,0.122;0.183;0.243;0.609;0.304,1-1;1-2;2-2;5-6;2-3,,11;8;9;2;3,0.000174,0,8;11;9;2;1,0.0000;0.0000;0.0000;0.0000;0.0000,11,0.000176,0.487;0.670;0.548;0.122;0.061,0.548;0.731;0.609;0.183;0.122,5-5;7-7;5-6;1-2;1-1,,ok,,0.7560975609756098,3.0436875
17,2,Positive,1.56208,0.94423,text,0.9033,0.0601,0.0366,0.648901,0.043193,0.026287,1.588558,-0.02336,-0.091702,0.718381,0.718381,1.473496,1.473496,0.225849,0.94423,10;12;23;2;3,0.013472,0,10;13;14;11;22,0.0040;0.0028;0.0025;0.0022;0.0018,24,0.021737,"simple;and;will;,;design",4.8118;6.4357;6.8167;;8.3203,5.1125;6.556;6.957;;8.6612,0.9884;0.9992;0.999;;0.9287,17;20;4;16;18,-0.00053,0,4;17;3;2;1,0.0002;0.0002;0.0001;0.0000;0.0000,24,0.001179,0.765;3.252;0.574;0.383;0.191,0.956;3.443;0.765;0.574;0.383,8-10;33-34;6-8;4-6;2-4,,18;17;16;15;7,-0.000968,0,17;18;7;8;6,-0.0002;-0.0002;-0.0002;-0.0003;-0.0003,24,-0.000931,3.252;3.443;1.339;1.530;1.148,3.443;3.634;1.530;1.721;1.339,33-34;34-36;13-15;15-17;11-13,,ok,,0.9538461538461539,9.563375
18,1,Neutral,-0.28001,0.68154,audio,0.4726,0.4808,0.0466,0.13389,-0.136239,0.013202,-0.238479,-0.004118,-0.125996,0.010853,0.010853,-0.368592,-0.368592,0.670689,0.681542,29;28;40;23;17,-0.096031,0,9;16;48;4;5,0.0160;0.0117;0.0117;0.0108;0.0100,48,0.086341,cod;-;mackerel;denmark;-,2.4622;;14.8132;0.8207;,2.7224;;15.2135;1.2011;,0.9544;;0.6919;0.8485;,30;29;32;28;41,-0.000682,0,42;41;4;40;38,0.0014;0.0014;0.0012;0.0010;0.0007,48,0.005867,15.655;15.282;1.491;14.909;14.164,16.027;15.655;1.864;15.282;14.537,157-160;153-157;15-19;149-153;142-145,,46;48;47;28;26,0.00379,0,46;47;48;5;4,0.0009;0.0009;0.0009;0.0008;0.0008,48,0.004643,17.146;17.518;17.891;1.864;1.491,17.518;17.891;18.264;2.236;1.864,171-175;175-179;179-183;19-22;15-19,,ok,,0.34535104364326374,18.6365625
19,2,Positive,0.76133,0.55595,vision,0.4417,0.0857,0.4726,0.14582,0.028281,0.155996,0.372744,0.056512,0.24349,0.330097,0.330097,0.672746,0.672746,0.225849,0.555947,3;15;21;2;35,0.340494,0,3;35;2;33;38,0.1367;0.0448;0.0282;0.0144;0.0138,39,0.307601,surprisingly;most;are;for;people,0.9608;11.5892;0.7606;11.349;12.1096,1.7014;11.7693;0.8407;11.4291;12.3498,0.9949;0.9182;0.9282;0.9995;0.9774,11;35;14;12;13,0.011097,0,12;13;14;21;1,0.0029;0.0029;0.0022;0.0022;0.0020,39,0.012658,3.267;3.539;3.811;5.716;0.272,3.539;3.811;4.083;5.989;0.544,33-35;35-38;38-41;57-60;3-5,,39;10;14;36;35,0.001021,0,22;21;23;24;33,0.0020;0.0017;0.0016;0.0015;0.0015,39,0.009026,5.989;5.716;6.261;6.533;8.983,6.261;5.989;6.533;6.805;9.255,60-63;57-60;63-65;65-68;90-93,,ok,,0.9828850855745721,13.6108125
20,2,Positive,0.78083,0.80569,text,0.5419,0.0296,0.4285,0.314215,0.017187,0.24844,0.461683,-0.069311,0.299873,0.579842,0.579842,0.692245,0.692245,0.225849,0.805691,13;23;27;11;14,-0.009318,0,18;13;3;23;2,0.0096;0.0083;0.0082;0.0039;0.0038,43,0.043337,and;this;course;more;of,4.5642;2.7625;0.8207;5.2248;0.7006,4.6442;2.8826;1.041;5.465;0.7407,0.9458;0.842;0.9492;0.9327;0.9987,17;16;11;18;15,-0.001609,0,30;37;40;12;6,0.0011;0.0007;0.0006;0.0006;0.0005,43,0.003832,6.486;7.999;8.648;2.594;1.297,6.702;8.216;8.864;2.811;1.513,65-67;80-82;86-89;26-28;13-15,,1;43;2;42;39,-0.002547,0,13;20;21;19;15,0.0024;0.0023;0.0023;0.0023;0.0022,43,0.012654,2.811;4.324;4.540;4.108;3.243,3.027;4.540;4.756;4.324;3.459,28-30;43-45;45-48;41-43;32-35,,ok,,0.8539944903581267,10.809875
