sample_id,pred_class,pred_polarity,pred_intensity,confidence,prob_neg,prob_neu,prob_pos,polarity_intensity_conflict
附件3_01,0,Negative,-0.37082,0.58794,0.58794,0.09097,0.3211,False
附件3_02,1,Neutral,0.14992,0.82363,0.07063,0.82363,0.10575,False
附件3_03,1,Neutral,0.12384,0.81926,0.06262,0.81926,0.11812,False
附件3_04,1,Neutral,0.28166,0.45886,0.11671,0.45886,0.42443,False
附件3_05,0,Negative,-1.18693,0.80948,0.80948,0.12343,0.06709,False
附件3_06,2,Positive,0.61849,0.65711,0.02557,0.31732,0.65711,False
附件3_07,1,Neutral,0.27519,0.45854,0.13386,0.45854,0.4076,False
附件3_08,1,Neutral,0.38094,0.48762,0.05943,0.48762,0.45295,False
附件3_09,2,Positive,1.19819,0.87356,0.01718,0.10926,0.87356,False
附件3_10,1,Neutral,0.04038,0.82142,0.05892,0.82142,0.11966,False
附件3_11,1,Neutral,-0.00392,0.56922,0.15983,0.56922,0.27095,False
附件3_12,2,Positive,0.74495,0.67112,0.04755,0.28134,0.67112,False
附件3_13,1,Neutral,-0.09758,0.53771,0.23794,0.53771,0.22435,False
附件3_14,0,Negative,-0.38994,0.51452,0.51452,0.38714,0.09834,False
附件3_15,2,Positive,0.83367,0.7219,0.02712,0.25099,0.7219,False
附件3_16,2,Positive,1.6068,0.93139,0.02599,0.04262,0.93139,False
附件3_17,1,Neutral,-0.12496,0.59806,0.26859,0.59806,0.13336,False
附件3_18,1,Neutral,0.32742,0.59842,0.06572,0.59842,0.33586,False
附件3_19,1,Neutral,-0.10062,0.67235,0.2491,0.67235,0.07855,False
附件3_20,1,Neutral,0.08664,0.75996,0.09068,0.75996,0.14936,False
附件3_21,2,Positive,0.45346,0.4824,0.03862,0.47897,0.4824,False
附件3_22,2,Positive,0.43795,0.51659,0.13493,0.34847,0.51659,False
附件3_23,1,Neutral,0.19786,0.73294,0.02952,0.73294,0.23754,False
附件3_24,0,Negative,0.11167,0.44835,0.44835,0.11172,0.43994,True
附件3_25,1,Neutral,0.15223,0.72927,0.04968,0.72927,0.22105,False
附件3_26,2,Positive,0.49264,0.57362,0.05654,0.36984,0.57362,False
附件3_27,2,Positive,0.60645,0.56598,0.03267,0.40134,0.56598,False
附件3_28,1,Neutral,0.31151,0.58573,0.0224,0.58573,0.39187,False
附件3_29,1,Neutral,0.28771,0.56834,0.04362,0.56834,0.38804,False
附件3_30,1,Neutral,0.23269,0.60169,0.10326,0.60169,0.29505,False
