dataset,sample_id,confidence,transcript_similarity,needs_review
a1,-3g5yACwYnA__13,0.8627866666666668,0.8187134502923976,False
a1,-3g5yACwYnA__2,0.8923714285714287,0.7783251231527094,False
a1,-3g5yACwYnA__3,0.9116000000000001,0.8664850136239782,False
a1,-3g5yACwYnA__9,0.876417391304348,0.9010989010989011,False
a1,-3nNcZdcdvU__5,0.9748000000000001,0.9711538461538461,False
a1,-571d8cVauQ__0,0.8262666666666667,0.8888888888888888,False
a1,-571d8cVauQ__5,0.9380302325581394,0.9714285714285714,False
a1,-6rXp3zJ3kc__8,0.9532558823529411,0.9382022471910112,False
a1,-9y-fZ3swSY__0,0.7378636363636364,0.7714285714285715,False
a1,-9y-fZ3swSY__4,0.5166888888888889,0.71875,False
a1,-9y-fZ3swSY__8,0.9312166666666665,0.9243697478991597,False
a1,-a55Q6RWvTA__3,0.9089507692307692,0.9769585253456221,False
a1,-aNfi7CP8vM__7,0.9542944444444443,0.905511811023622,False
a1,-aqamKhZ1Ec__0,0.8210785714285714,0.7489361702127659,False
a1,-AUZQgSxyPQ__2,0.7783146341463415,0.07905138339920949,True
a1,-dxfTGcXJoc__0,0.8710833333333332,0.5514834205933682,True
a1,-dxfTGcXJoc__1,0.9203567567567569,0.9370932754880694,False
a1,-dxfTGcXJoc__2,0.8787085714285715,0.5306122448979592,True
a1,-dxfTGcXJoc__6,0.9358000000000001,0.9891891891891892,False
a1,-egA8-b7-3M__1,0.9366150000000001,0.9225352112676056,False
a1,-egA8-b7-3M__13,0.9334181818181818,1.0,False
a1,-egA8-b7-3M__16,0.9771636363636365,1.0,False
a1,-egA8-b7-3M__17,0.9528687499999999,0.9882352941176471,False
a1,-egA8-b7-3M__18,0.9520181818181819,0.9878542510121457,False
a1,-egA8-b7-3M__20,0.9778849999999999,1.0,False
a1,-egA8-b7-3M__26,0.9337933333333333,0.9559748427672956,False
a1,-egA8-b7-3M__6,0.9442916666666669,0.9625,False
a1,-egA8-b7-3M__9,0.97841,1.0,False
a1,-HeZS2-Prhc__2,0.86045,0.8114285714285714,False
a1,-hnBHBN8p5A__6,0.28536153846153844,0.24113475177304963,True
a1,-hnBHBN8p5A__7,0.2516076923076923,0.2838709677419355,True
a1,-HwX2H8Z4hY__2,0.6052,0.6197183098591549,True
a1,-HwX2H8Z4hY__5,0.8851555555555555,0.9645390070921985,False
a1,-HwX2H8Z4hY__6,0.8450000000000001,0.9152542372881356,False
a1,-HwX2H8Z4hY__9,0.7758136363636363,0.7222222222222222,False
a1,-I_e4mIh0yE__1,0.9759222222222222,0.9748743718592965,False
a1,-I_e4mIh0yE__3,0.8937818181818183,0.8389261744966443,False
a1,-iRBcNs9oI8__3,0.366175,0.23529411764705882,True
a1,-iRBcNs9oI8__6,0.40346000000000004,0.2153846153846154,True
a1,-iRBcNs9oI8__7,0.29401111111111106,0.3541666666666667,True
a1,-iRBcNs9oI8__8,0.28619047619047616,0.33663366336633666,True
a1,-iRBcNs9oI8__9,0.25616,0.38095238095238093,True
a1,-lzEya4AM_4__5,0.8725315789473683,0.945273631840796,False
a1,-lzEya4AM_4__6,0.9269697674418604,0.9775784753363229,False
a1,-MeTTeMJBNc__0,0.9540285714285713,0.961038961038961,False
a1,-MeTTeMJBNc__13,0.9761642857142857,0.950354609929078,False
a1,-MeTTeMJBNc__7,0.9200225806451613,0.968944099378882,False
a1,-mJ2ud6oKI8__1,0.018184615384615382,0.0,True
a1,-mJ2ud6oKI8__2,0.017154545454545454,0.0,True
a1,-mJ2ud6oKI8__6,0.44395999999999997,0.4482758620689655,True
a1,-mJ2ud6oKI8__8,0.20574545454545454,0.16541353383458646,True
a1,-mJ2ud6oKI8__9,0.30634545454545453,0.29045643153526973,True
a1,-mqbVkbCndg__0,0.9788571428571432,1.0,False
a1,-NFrJFQijFE__1,0.01206875,0.0,True
a1,-NFrJFQijFE__2,0.12829999999999997,0.2894736842105263,True
a1,-qDkUB0GgYY__6,0.7342500000000001,0.7763157894736842,False
a1,-RfYyzHpjk4__11,0.9158941176470587,0.9162011173184358,False
a1,-RfYyzHpjk4__2,0.722772,0.8425531914893617,False
a1,-RfYyzHpjk4__8,0.9442882352941175,0.9575757575757575,False
a1,-ri04Z7vwnc__0,0.053337499999999996,0.08888888888888889,True
a1,-ri04Z7vwnc__2,0.030656250000000003,0.06956521739130435,True
a1,-ri04Z7vwnc__5,0.19019999999999998,0.2018348623853211,True
a1,-s9qJ7ATP7w__0,0.8200500000000002,0.8780487804878049,False
a1,-s9qJ7ATP7w__1,0.8668181818181818,0.7966101694915254,False
a1,-s9qJ7ATP7w__4,0.8842555555555555,0.7931034482758621,False
a1,-s9qJ7ATP7w__5,0.9218263157894737,0.9157894736842105,False
a1,-s9qJ7ATP7w__6,0.9065799999999999,0.8235294117647058,False
a1,-s9qJ7ATP7w__7,0.7720464285714286,0.8377358490566038,False
a1,-s9qJ7ATP7w__8,0.8567750000000002,0.7596899224806202,False
a1,-t217m2on-s__2,0.8571583333333334,0.9256198347107438,False
a1,-t217m2on-s__7,0.9657733333333332,0.979757085020243,False
a1,-tANM6ETl_M__3,0.9050318181818181,0.9727272727272728,False
a1,-THoVjtIkeU__12,0.9663025641025641,0.9544364508393285,False
a1,-THoVjtIkeU__2,0.9431799999999999,0.9841269841269841,False
a1,-THoVjtIkeU__6,0.8934266666666667,0.9523809523809523,False
a1,-tPCytz4rww__10,0.9633833333333333,0.8936170212765957,False
a1,-tPCytz4rww__11,0.9459117647058823,0.9137055837563451,False
a1,-tPCytz4rww__12,0.8729,0.8908554572271387,False
a1,-tPCytz4rww__16,0.92430625,0.9056603773584906,False
a1,-tPCytz4rww__18,0.9589375,0.8994708994708994,False
a1,-UacrmKiTn4__10,0.95645,0.9441624365482234,False
a1,-UacrmKiTn4__4,0.9842000000000001,0.9726027397260274,False
a1,-UUCSKoHeMA__0,0.8908,0.9206349206349206,False
a1,-UuX1xuaiiE__0,0.8348333333333333,0.9411764705882353,False
a1,-UuX1xuaiiE__1,0.9615,0.9407894736842105,False
a1,-UuX1xuaiiE__3,0.8284888888888888,0.8333333333333334,False
a1,-UuX1xuaiiE__6,0.848690909090909,0.889763779527559,False
a1,-uywlfIYOS8__4,0.9424944444444444,0.8186046511627907,False
a1,-vxjVxOeScU__4,0.8459714285714287,0.889795918367347,False
a1,-wMB_hJL-3o__7,0.9677909090909093,1.0,False
a1,-wny0OAz3g8__0,0.9615111111111112,0.8983050847457628,False
a1,-wny0OAz3g8__1,0.9714272727272729,0.9261744966442953,False
a1,-wny0OAz3g8__2,0.9627869565217391,0.9078498293515358,False
a1,-wny0OAz3g8__3,0.9647600000000001,0.9140625,False
a1,-wny0OAz3g8__5,0.9585100000000001,0.9104477611940298,False
a1,-wny0OAz3g8__7,0.9404758620689656,0.9240121580547113,False
a1,-wny0OAz3g8__9,0.87834,0.904,False
a1,-yRb-Jum7EQ__1,0.2915816326530612,0.017094017094017096,True
a1,-yRb-Jum7EQ__5,0.24786799999999995,0.16393442622950818,True
a1,-yRb-Jum7EQ__6,0.21053684210526313,0.21395348837209302,True
a4,01,0.928842857142857,0.959409594095941,False
a4,02,0.9869615384615383,1.0,False
a4,03,0.9404399999999999,0.9292929292929293,False
a4,04,0.9451350000000002,0.9569377990430622,False
a4,05,0.8612909090909091,0.907563025210084,False
a4,06,0.7456709677419356,0.8807947019867549,False
a4,07,0.9065607843137254,0.4977238239757208,True
a4,08,0.9665000000000001,0.96875,False
a4,09,0.8569928571428571,0.8805970149253731,False
a4,10,0.843904,0.9140625,False
a4,11,0.7560428571428571,0.8907563025210085,False
a4,12,0.9446828571428573,0.9719101123595506,False
a4,13,0.7210000000000001,0.8366533864541833,False
a4,14,0.8458,0.9174917491749175,False
a4,15,0.37936470588235294,0.2125984251968504,True
a4,16,0.762225,0.7560975609756098,False
a4,17,0.9486954545454545,0.9538461538461539,False
a4,18,0.8876772727272727,0.34535104364326374,True
a4,19,0.9645606060606061,0.9828850855745721,False
a4,20,0.8711142857142857,0.8539944903581267,False
