feature,seed,acc,f1_macro,f1_weighted,mae,pearson,acc2,f1_2
text,2026,0.57,0.4201851733059636,0.5167015203027776,0.6611639231443405,0.31840135264738256,0.82,0.891566265060241
text,2027,0.6,0.4544895751376869,0.5637704071597167,0.6769229730963707,0.3225998968590046,0.81,0.8875739644970414
text,2028,0.56,0.41713428792569657,0.5190271865325077,0.688971472978592,0.32872512868623077,0.8,0.8795180722891566
audio,2026,0.48,0.4138785179853957,0.4873760064774414,0.8002109059691429,-0.008425515336319156,0.67,0.7843137254901961
audio,2027,0.47,0.3709540791993223,0.45438315501740445,0.9885440629720688,-0.19974981612667866,0.69,0.802547770700637
audio,2028,0.51,0.4335459861775652,0.5106060606060606,0.9231370708346367,-0.11755800090412045,0.7,0.8076923076923077
vision,2026,0.32,0.29473304473304474,0.35308441558441556,0.6454273417592049,0.17735145064774174,0.64,0.7692307692307693
vision,2027,0.39,0.3431438127090301,0.41031438127090303,0.6285346287488938,0.23264378955238357,0.76,0.8588235294117647
vision,2028,0.36,0.32710829222457133,0.39738548273431995,0.6539544719457626,0.02243358905516739,0.6,0.7368421052631579
fusion,2026,0.6,0.4298917965584632,0.5439373659373659,0.6741225518286228,0.3029146372315921,0.82,0.8953488372093024
fusion,2027,0.62,0.4638387399180048,0.5748280822716727,0.6863085649162531,0.26184468518963855,0.81,0.8875739644970414
fusion,2028,0.6,0.45391414141414144,0.5522348484848485,0.6936006186902524,0.29497071509869754,0.82,0.8928571428571429
