family,modality,target_rate,segments,position,seed,mean_actual_rate,mean_actual_segments,max_rounding_error
rate,audio,0.0,1,random,11,0.0,0.0,0.0
rate,audio,0.0,1,random,22,0.0,0.0,0.0
rate,audio,0.0,1,random,33,0.0,0.0,0.0
rate,audio,0.2,1,random,11,0.1992440650372266,0.9917582417582418,0.2
rate,audio,0.2,1,random,22,0.1992440650372266,0.9917582417582418,0.2
rate,audio,0.2,1,random,33,0.1992440650372266,0.9917582417582418,0.2
rate,audio,0.4,1,random,11,0.3970877125699503,0.9945054945054945,0.4
rate,audio,0.4,1,random,22,0.3970877125699503,0.9945054945054945,0.4
rate,audio,0.4,1,random,33,0.3970877125699503,0.9945054945054945,0.4
rate,audio,0.6,1,random,11,0.6029122874300498,1.0,0.4
rate,audio,0.6,1,random,22,0.6029122874300498,1.0,0.4
rate,audio,0.6,1,random,33,0.6029122874300498,1.0,0.4
rate,audio,0.8,1,random,11,0.8007559349627733,1.0,0.19999999999999996
rate,audio,0.8,1,random,22,0.8007559349627733,1.0,0.19999999999999996
rate,audio,0.8,1,random,33,0.8007559349627733,1.0,0.19999999999999996
rate,vision,0.0,1,random,11,0.0,0.0,0.0
rate,vision,0.0,1,random,22,0.0,0.0,0.0
rate,vision,0.0,1,random,33,0.0,0.0,0.0
rate,vision,0.2,1,random,11,0.19461302890750856,0.9739010989010989,0.2
rate,vision,0.2,1,random,22,0.19461302890750856,0.9766483516483516,0.2
rate,vision,0.2,1,random,33,0.19461302890750856,0.9725274725274725,0.2
rate,vision,0.4,1,random,11,0.38586522285076236,0.9917582417582418,0.4
rate,vision,0.4,1,random,22,0.38586522285076236,0.9848901098901099,0.4
rate,vision,0.4,1,random,33,0.38586522285076236,1.0013736263736264,0.4
rate,vision,0.6,1,random,11,0.593530381544842,1.032967032967033,0.4
rate,vision,0.6,1,random,22,0.593530381544842,1.0274725274725274,0.4
rate,vision,0.6,1,random,33,0.593530381544842,1.0370879120879122,0.4
rate,vision,0.8,1,random,11,0.7847825754880958,1.0508241758241759,0.19999999999999996
rate,vision,0.8,1,random,22,0.7847825754880958,1.0480769230769231,0.19999999999999996
rate,vision,0.8,1,random,33,0.7847825754880958,1.0521978021978022,0.19999999999999996
rate,text,0.0,1,random,11,0.0,0.0,0.0
rate,text,0.0,1,random,22,0.0,0.0,0.0
rate,text,0.0,1,random,33,0.0,0.0,0.0
rate,text,0.2,1,random,11,0.1995302371983988,0.9931318681318682,0.2
rate,text,0.2,1,random,22,0.1995302371983988,0.9931318681318682,0.2
rate,text,0.2,1,random,33,0.1995302371983988,0.9931318681318682,0.2
rate,text,0.4,1,random,11,0.3969446264893642,0.9945054945054945,0.4
rate,text,0.4,1,random,22,0.3969446264893642,0.9945054945054945,0.4
rate,text,0.4,1,random,33,0.3969446264893642,0.9945054945054945,0.4
rate,text,0.6,1,random,11,0.6030553735106358,1.0,0.4
rate,text,0.6,1,random,22,0.6030553735106358,1.0,0.4
rate,text,0.6,1,random,33,0.6030553735106358,1.0,0.4
rate,text,0.8,1,random,11,0.8004697628016011,1.0,0.19999999999999996
rate,text,0.8,1,random,22,0.8004697628016011,1.0,0.19999999999999996
rate,text,0.8,1,random,33,0.8004697628016011,1.0,0.19999999999999996
rate,av,0.0,1,random,11,0.0,0.0,0.0
rate,av,0.0,1,random,22,0.0,0.0,0.0
rate,av,0.0,1,random,33,0.0,0.0,0.0
rate,av,0.2,1,random,11,0.19692854697236759,0.9848901098901099,0.2
rate,av,0.2,1,random,22,0.19692854697236759,0.9835164835164835,0.2
rate,av,0.2,1,random,33,0.19692854697236759,0.9835164835164835,0.2
rate,av,0.4,1,random,11,0.3914764677103563,0.9951923076923077,0.4
rate,av,0.4,1,random,22,0.3914764677103563,0.9917582417582418,0.4
rate,av,0.4,1,random,33,0.3914764677103563,0.9951923076923077,0.4
rate,av,0.6,1,random,11,0.5982213344874459,1.0157967032967032,0.4
rate,av,0.6,1,random,22,0.5982213344874459,1.0137362637362637,0.4
rate,av,0.6,1,random,33,0.5982213344874459,1.0178571428571428,0.4
rate,av,0.8,1,random,11,0.7927692552254345,1.026098901098901,0.19999999999999996
rate,av,0.8,1,random,22,0.7927692552254345,1.0240384615384615,0.19999999999999996
rate,av,0.8,1,random,33,0.7927692552254345,1.0274725274725274,0.19999999999999996
rate,tv,0.0,1,random,11,0.0,0.0,0.0
rate,tv,0.0,1,random,22,0.0,0.0,0.0
rate,tv,0.0,1,random,33,0.0,0.0,0.0
rate,tv,0.2,1,random,11,0.19707163305295367,0.9848901098901099,0.2
rate,tv,0.2,1,random,22,0.19707163305295367,0.9842032967032966,0.2
rate,tv,0.2,1,random,33,0.19707163305295367,0.9855769230769231,0.2
rate,tv,0.4,1,random,11,0.39140492467006327,0.9951923076923077,0.4
rate,tv,0.4,1,random,22,0.39140492467006327,0.9917582417582418,0.4
rate,tv,0.4,1,random,33,0.39140492467006327,0.9951923076923077,0.4
rate,tv,0.6,1,random,11,0.5982928775277389,1.0157967032967032,0.4
rate,tv,0.6,1,random,22,0.5982928775277389,1.0137362637362637,0.4
rate,tv,0.6,1,random,33,0.5982928775277389,1.0178571428571428,0.4
rate,tv,0.8,1,random,11,0.7926261691448485,1.0254120879120878,0.19999999999999996
rate,tv,0.8,1,random,22,0.7926261691448485,1.0240384615384615,0.19999999999999996
rate,tv,0.8,1,random,33,0.7926261691448485,1.026098901098901,0.19999999999999996
rate,ta,0.0,1,random,11,0.0,0.0,0.0
rate,ta,0.0,1,random,22,0.0,0.0,0.0
rate,ta,0.0,1,random,33,0.0,0.0,0.0
rate,ta,0.2,1,random,11,0.1993871511178127,0.992445054945055,0.2
rate,ta,0.2,1,random,22,0.1993871511178127,0.992445054945055,0.2
rate,ta,0.2,1,random,33,0.1993871511178127,0.992445054945055,0.2
rate,ta,0.4,1,random,11,0.39701616952965735,0.9945054945054945,0.4
rate,ta,0.4,1,random,22,0.39701616952965735,0.9945054945054945,0.4
rate,ta,0.4,1,random,33,0.39701616952965735,0.9945054945054945,0.4
rate,ta,0.6,1,random,11,0.6029838304703427,1.0,0.4
rate,ta,0.6,1,random,22,0.6029838304703427,1.0,0.4
rate,ta,0.6,1,random,33,0.6029838304703427,1.0,0.4
rate,ta,0.8,1,random,11,0.8006128488821873,1.0,0.19999999999999996
rate,ta,0.8,1,random,22,0.8006128488821873,1.0,0.19999999999999996
rate,ta,0.8,1,random,33,0.8006128488821873,1.0,0.19999999999999996
rate,tav,0.0,1,random,11,0.0,0.0,0.0
rate,tav,0.0,1,random,22,0.0,0.0,0.0
rate,tav,0.0,1,random,33,0.0,0.0,0.0
rate,tav,0.2,1,random,11,0.1977957770477113,0.9848901098901099,0.2
rate,tav,0.2,1,random,22,0.1977957770477113,0.9844322344322345,0.2
rate,tav,0.2,1,random,33,0.1977957770477113,0.9858058608058609,0.2
rate,tav,0.4,1,random,11,0.39329918730335894,0.9940476190476191,0.4
rate,tav,0.4,1,random,22,0.39329918730335894,0.9940476190476191,0.4
rate,tav,0.4,1,random,33,0.39329918730335894,0.9926739926739927,0.4
rate,tav,0.6,1,random,11,0.599832680828509,1.01007326007326,0.4
rate,tav,0.6,1,random,22,0.599832680828509,1.0096153846153846,0.4
rate,tav,0.6,1,random,33,0.599832680828509,1.0123626373626373,0.4
rate,tav,0.8,1,random,11,0.7953360910841567,1.0164835164835164,0.19999999999999996
rate,tav,0.8,1,random,22,0.7953360910841567,1.0146520146520146,0.19999999999999996
rate,tav,0.8,1,random,33,0.7953360910841567,1.0164835164835164,0.19999999999999996
segments,text,0.4,2,random,11,0.3969446264893642,1.9821428571428572,0.4
segments,text,0.4,2,random,22,0.3969446264893642,1.9821428571428572,0.4
segments,text,0.4,2,random,33,0.3969446264893642,1.9821428571428572,0.4
segments,text,0.4,4,random,11,0.3969446264893642,3.870879120879121,0.4
segments,text,0.4,4,random,22,0.3969446264893642,3.870879120879121,0.4
segments,text,0.4,4,random,33,0.3969446264893642,3.870879120879121,0.4
segments,text,0.4,8,random,11,0.3969446264893642,6.835164835164835,0.4
segments,text,0.4,8,random,22,0.3969446264893642,6.835164835164835,0.4
segments,text,0.4,8,random,33,0.3969446264893642,6.835164835164835,0.4
position,text,0.4,1,front,11,0.3969446264893642,0.9945054945054945,0.4
position,text,0.4,1,front,22,0.3969446264893642,0.9945054945054945,0.4
position,text,0.4,1,front,33,0.3969446264893642,0.9945054945054945,0.4
position,text,0.4,1,middle,11,0.3969446264893642,0.9945054945054945,0.4
position,text,0.4,1,middle,22,0.3969446264893642,0.9945054945054945,0.4
position,text,0.4,1,middle,33,0.3969446264893642,0.9945054945054945,0.4
position,text,0.4,1,back,11,0.3969446264893642,0.9945054945054945,0.4
position,text,0.4,1,back,22,0.3969446264893642,0.9945054945054945,0.4
position,text,0.4,1,back,33,0.3969446264893642,0.9945054945054945,0.4
segments,audio,0.4,2,random,11,0.3970877125699503,1.9807692307692308,0.4
segments,audio,0.4,2,random,22,0.3970877125699503,1.9807692307692308,0.4
segments,audio,0.4,2,random,33,0.3970877125699503,1.9807692307692308,0.4
segments,audio,0.4,4,random,11,0.3970877125699503,3.866758241758242,0.4
segments,audio,0.4,4,random,22,0.3970877125699503,3.866758241758242,0.4
segments,audio,0.4,4,random,33,0.3970877125699503,3.866758241758242,0.4
segments,audio,0.4,8,random,11,0.3970877125699503,6.825549450549451,0.4
segments,audio,0.4,8,random,22,0.3970877125699503,6.825549450549451,0.4
segments,audio,0.4,8,random,33,0.3970877125699503,6.825549450549451,0.4
position,audio,0.4,1,front,11,0.3970877125699503,0.9945054945054945,0.4
position,audio,0.4,1,front,22,0.3970877125699503,0.9945054945054945,0.4
position,audio,0.4,1,front,33,0.3970877125699503,0.9945054945054945,0.4
position,audio,0.4,1,middle,11,0.3970877125699503,0.9945054945054945,0.4
position,audio,0.4,1,middle,22,0.3970877125699503,0.9945054945054945,0.4
position,audio,0.4,1,middle,33,0.3970877125699503,0.9945054945054945,0.4
position,audio,0.4,1,back,11,0.3970877125699503,0.9945054945054945,0.4
position,audio,0.4,1,back,22,0.3970877125699503,0.9945054945054945,0.4
position,audio,0.4,1,back,33,0.3970877125699503,0.9945054945054945,0.4
segments,vision,0.4,2,random,11,0.38586522285076236,1.9354395604395604,0.4
segments,vision,0.4,2,random,22,0.38586522285076236,1.9423076923076923,0.4
segments,vision,0.4,2,random,33,0.38586522285076236,1.9395604395604396,0.4
segments,vision,0.4,4,random,11,0.38586522285076236,3.728021978021978,0.4
segments,vision,0.4,4,random,22,0.38586522285076236,3.730769230769231,0.4
segments,vision,0.4,4,random,33,0.38586522285076236,3.73489010989011,0.4
segments,vision,0.4,8,random,11,0.38586522285076236,6.489010989010989,0.4
segments,vision,0.4,8,random,22,0.38586522285076236,6.490384615384615,0.4
segments,vision,0.4,8,random,33,0.38586522285076236,6.487637362637362,0.4
position,vision,0.4,1,front,11,0.38586522285076236,0.9903846153846154,0.4
position,vision,0.4,1,front,22,0.38586522285076236,0.9903846153846154,0.4
position,vision,0.4,1,front,33,0.38586522285076236,0.9903846153846154,0.4
position,vision,0.4,1,middle,11,0.38586522285076236,1.0,0.4
position,vision,0.4,1,middle,22,0.38586522285076236,1.0,0.4
position,vision,0.4,1,middle,33,0.38586522285076236,1.0,0.4
position,vision,0.4,1,back,11,0.38586522285076236,1.0013736263736264,0.4
position,vision,0.4,1,back,22,0.38586522285076236,1.0013736263736264,0.4
position,vision,0.4,1,back,33,0.38586522285076236,1.0013736263736264,0.4
