sample_id,pred_polarity,pred_class,pred_intensity,confidence
附件3_01,Negative,0,-0.37082,0.58794
附件3_02,Neutral,1,0.14992,0.82363
附件3_03,Neutral,1,0.12384,0.81926
附件3_04,Neutral,1,0.28166,0.45886
附件3_05,Negative,0,-1.18693,0.80948
附件3_06,Positive,2,0.61849,0.65711
附件3_07,Neutral,1,0.27519,0.45854
附件3_08,Neutral,1,0.38094,0.48762
附件3_09,Positive,2,1.19819,0.87356
附件3_10,Neutral,1,0.04038,0.82142
附件3_11,Neutral,1,-0.00392,0.56922
附件3_12,Positive,2,0.74495,0.67112
附件3_13,Neutral,1,-0.09758,0.53771
附件3_14,Negative,0,-0.38994,0.51452
附件3_15,Positive,2,0.83367,0.7219
附件3_16,Positive,2,1.6068,0.93139
附件3_17,Neutral,1,-0.12496,0.59806
附件3_18,Neutral,1,0.32742,0.59842
附件3_19,Neutral,1,-0.10062,0.67235
附件3_20,Neutral,1,0.08664,0.75996
附件3_21,Positive,2,0.45346,0.4824
附件3_22,Positive,2,0.43795,0.51659
附件3_23,Neutral,1,0.19786,0.73294
附件3_24,Negative,0,0.11167,0.44835
附件3_25,Neutral,1,0.15223,0.72927
附件3_26,Positive,2,0.49264,0.57362
附件3_27,Positive,2,0.60645,0.56598
附件3_28,Neutral,1,0.31151,0.58573
附件3_29,Neutral,1,0.28771,0.56834
附件3_30,Neutral,1,0.23269,0.60169
