sample_id,token_ids_exact_match,matched_prefix_length,mapped_positions,text_mapped_positions,content_positions,alignment_similarity,alignment_confidence
01,True,50,22,22,22,0.959409594095941,0.928842857142857
02,True,50,17,19,19,1.0,0.9869615384615383
03,True,50,31,33,33,0.9292929292929293,0.9404399999999999
04,True,50,20,26,26,0.9569377990430622,0.9451350000000002
05,True,50,12,15,15,0.907563025210084,0.8612909090909091
06,True,50,33,35,35,0.8807947019867549,0.7456709677419356
07,True,50,43,48,48,0.4977238239757208,0.9065607843137254
08,True,50,10,11,11,0.96875,0.9665000000000001
09,True,50,15,18,18,0.8805970149253731,0.8569928571428571
10,True,50,28,30,30,0.9140625,0.843904
11,True,50,14,14,14,0.8907563025210085,0.7560428571428571
12,True,50,36,42,42,0.9719101123595506,0.9446828571428573
13,True,50,27,30,30,0.8366533864541833,0.7210000000000001
14,True,50,31,35,35,0.9174917491749175,0.8458
15,True,50,19,21,21,0.2125984251968504,0.37936470588235294
16,True,50,10,11,11,0.7560975609756098,0.762225
17,True,50,22,24,24,0.9538461538461539,0.9486954545454545
18,True,50,43,48,48,0.34535104364326374,0.8876772727272727
19,True,50,36,39,39,0.9828850855745721,0.9645606060606061
20,True,50,37,43,43,0.8539944903581267,0.8711142857142857
