sample_id,video_id,clip_id,label,annotation,text,duration_s,time_bin_s,text_valid,audio_valid,vision_valid,face_detection_rate,alignment_confidence,transcript_similarity,n_words,processing_status
-3g5yACwYnA$_$13,-3g5yACwYnA,13,0.6666666865348816,Positive,They've been able to find solutions or at least bring some answers to the table.,5.399125,0.1079825,32,50,50,1.0,0.8627866666666668,0.8187134502923976,15,ok
-3g5yACwYnA$_$3,-3g5yACwYnA,3,0.0,Neutral,"We're a huge user of adhesives for our operation, called flocking, and we don't have the technical inside compounding or the technical expertise to do these types of things.",14.327875,0.2865575,37,50,50,1.0,0.9116000000000001,0.8664850136239782,29,ok
-3g5yACwYnA$_$2,-3g5yACwYnA,2,0.0,Neutral,Key Polymer brings a technical aspect to our operation that we don't have internally.,9.2313125,0.18462625,23,50,50,1.0,0.8923714285714287,0.7783251231527094,14,ok
-3g5yACwYnA$_$9,-3g5yACwYnA,9,0.6666666865348816,Positive,"We have many new opportunities through the way things have changed through the years, looking for new niche high-end, value-added products.",8.696125,0.1739225,37,50,50,1.0,0.876417391304348,0.9010989010989011,23,ok
-3nNcZdcdvU$_$5,-3nNcZdcdvU,5,0.0,Neutral,Noncompliance can result in legal liability to you and to the school district in which you are employed.,7.7885625,0.15577125,40,50,0,0.0,0.9748000000000001,0.9711538461538461,18,ok
-HwX2H8Z4hY$_$2,-HwX2H8Z4hY,2,0.0,Neutral,"” [President Ronald Reagan:] ""Look at the record",3.9158125,0.07831625,20,50,0,0.0,0.6052,0.6197183098591549,7,ok
-HwX2H8Z4hY$_$5,-HwX2H8Z4hY,5,-1.0,Negative,""" President Ronald Reagan blamed the professional bureaucracy of education",5.5440625,0.11088125,40,50,2,0.05357142857142857,0.8851555555555555,0.9645390070921985,9,ok
-HwX2H8Z4hY$_$6,-HwX2H8Z4hY,6,0.0,Neutral,"And in part, Al Shanker did too",3.256,0.06512,28,50,3,0.09090909090909091,0.8450000000000001,0.9152542372881356,7,ok
-HwX2H8Z4hY$_$9,-HwX2H8Z4hY,9,-0.3333333432674408,Negative,It is a word which the administrator uses when he turns around anything which he doesn't like that the teacher is doing,7.6363125,0.15272625,43,50,0,0.0,0.7758136363636363,0.7222222222222222,22,ok
-NFrJFQijFE$_$1,-NFrJFQijFE,1,0.3333333432674408,Positive,Structural mounts inside have to be properly stress analyzed so we make sure all that happens,5.658875,0.1131775,33,50,0,0.0,0.01206875,0.0,16,ok
-NFrJFQijFE$_$2,-NFrJFQijFE,2,0.0,Neutral,So we coordinate with all the proper technical fields to get ready for the instrument to arrive here,6.6983125,0.13396625,41,50,0,0.0,0.12829999999999997,0.2894736842105263,18,ok
-THoVjtIkeU$_$12,-THoVjtIkeU,12,2.0,Positive,"What ever we turn our attention to is what grows and so if we believe that anything is possible, if we believe that social justice can be achieved and if we believe in youth, they will believe in themselves.",14.8055625,0.29611125,44,50,19,0.174496644295302,0.9663025641025641,0.9544364508393285,39,ok
-THoVjtIkeU$_$2,-THoVjtIkeU,2,1.3333333730697632,Positive,I think social justice is extremely important for young people.,4.230875,0.0846175,35,50,4,0.09302325581395349,0.9431799999999999,0.9841269841269841,10,ok
-THoVjtIkeU$_$6,-THoVjtIkeU,6,2.6666667461395264,Positive,"You know that I think listening to young people, taking in what they have to say because what we have seen all around the world is the power of youth.",7.982875,0.1596575,41,50,11,0.16049382716049382,0.8934266666666667,0.9523809523809523,30,ok
-UuX1xuaiiE$_$1,-UuX1xuaiiE,1,1.6666666269302368,Positive,^And all of them are really being able to explore ^these different areas in depth ^in a way that really wasn't available ^before the center was here,10.2675,0.20535,40,50,0,0.0,0.9615,0.9407894736842105,27,ok
-UuX1xuaiiE$_$0,-UuX1xuaiiE,0,2.6666667461395264,Positive,^it's amazing to see their enthusiasm and their passion,3.575875,0.0715175,40,50,17,0.4594594594594595,0.8348333333333333,0.9411764705882353,9,ok
-UuX1xuaiiE$_$3,-UuX1xuaiiE,3,0.3333333432674408,Positive,My goal is to become a human rights lawyer,4.038375,0.0807675,30,50,33,0.8048780487804879,0.8284888888888888,0.8333333333333334,9,ok
-UuX1xuaiiE$_$6,-UuX1xuaiiE,6,-0.3333333432674408,Negative,"I ended up going to work for the US government as an intelligence analyst, specializing in war crimes and human rights issues",7.9438125,0.15887625,39,50,39,0.7283950617283951,0.848690909090909,0.889763779527559,22,ok
-a55Q6RWvTA$_$3,-a55Q6RWvTA,3,0.6666666865348816,Positive,"And if you clip coupons, if you don't go out for dinner and movies and things of that nature and try to take up things in life that, well, they always say, ""the best things in life are free"". Reading a book, going for a nice walk, and, of course, combining exercise and various things of that nature where you're not spending money per se.",22.0833125,0.44166625000000004,45,50,0,0.0,0.9089507692307692,0.9769585253456221,65,ok
-aNfi7CP8vM$_$7,-aNfi7CP8vM,7,0.0,Neutral,"Maybe they have no political party affiliation, they're not interested in politics, they could care less about politics.",8.5376875,0.17075375,40,50,50,0.9655172413793104,0.9542944444444443,0.905511811023622,18,ok
-aqamKhZ1Ec$_$0,-aqamKhZ1Ec,0,-2.0,Negative,"In 2008, there were very serious tribal warfare in Kenya following a disputed election.",10.8901875,0.21780375,42,50,48,0.9181818181818182,0.8210785714285714,0.7489361702127659,14,ok
-dxfTGcXJoc$_$1,-dxfTGcXJoc,1,1.6666666269302368,Positive,"For the 10th straight year, some of Kentucky’s best and most innovative biotech companies and technologies were on display at the annual BIO International Convention, which I and other state officials attended this week in Chicago.",16.018125,0.32036250000000005,46,50,0,0.006211180124223602,0.9203567567567569,0.9370932754880694,37,ok
-dxfTGcXJoc$_$0,-dxfTGcXJoc,0,1.0,Positive,"This is Governor Steve Beshear ... About Kentucky Our state is home to more than 1,500 bioscience and lifescience companies and more than 100,000 people who work for these firms, in areas from nutrigenomics and pharmaceuticals to nanotechnology and medical devices.",20.410375,0.40820749999999995,45,50,1,0.00975609756097561,0.8710833333333332,0.5514834205933682,42,ok
-dxfTGcXJoc$_$2,-dxfTGcXJoc,2,0.6666666865348816,Positive,"An estimated 20,000 biotech scientists, executives and industry experts from more than 50 nations were at the BIO conference to learn about the latest scientific advances, and to exchange ideas and establish business relationships.",16.6331875,0.33266375,48,50,50,0.9580838323353293,0.8787085714285715,0.5306122448979592,35,ok
-dxfTGcXJoc$_$6,-dxfTGcXJoc,6,0.6666666865348816,Positive,Kentucky’s participation at the annual BIO International Convention is the primary means by which our high-tech companies and institutions can reach out to the global scientific community.,12.6284375,0.25256875,45,50,11,0.12598425196850394,0.9358000000000001,0.9891891891891892,28,ok
-egA8-b7-3M$_$26,-egA8-b7-3M,26,1.6666666269302368,Positive,We're updating it all the time and looking forward to your comments on our videos.,5.9205625,0.11841125,37,50,42,0.8333333333333334,0.9337933333333333,0.9559748427672956,15,ok
-egA8-b7-3M$_$17,-egA8-b7-3M,17,0.3333333432674408,Positive,"As you have more experience, you have more times exhibiting, you get to know more people.",7.09525,0.141905,33,50,46,0.9041095890410958,0.9528687499999999,0.9882352941176471,16,ok
-egA8-b7-3M$_$18,-egA8-b7-3M,18,1.0,Positive,It becomes easier at each one of these conferences to connect with people that you've met or that you're doing business with.,8.2656875,0.16531375,40,50,47,0.8690476190476191,0.9520181818181819,0.9878542510121457,22,ok
-egA8-b7-3M$_$16,-egA8-b7-3M,16,0.6666666865348816,Positive,"Third, another big benefit of exhibiting is connecting with existing clients.",5.483,0.10966,39,50,41,0.8,0.9771636363636365,1.0,11,ok
-egA8-b7-3M$_$13,-egA8-b7-3M,13,0.3333333432674408,Positive,"What are you doing that's different?"" They always want an answer.",4.023875,0.08047750000000001,32,50,28,0.7142857142857143,0.9334181818181818,1.0,11,ok
-egA8-b7-3M$_$1,-egA8-b7-3M,1,0.6666666865348816,Positive,I started a successful Legal Nurse Consulting Business in 1989. I mentor nurses who want to become Legal Nurse Consultants.,10.15625,0.203125,38,50,46,0.8431372549019608,0.9366150000000001,0.9225352112676056,20,ok
-egA8-b7-3M$_$6,-egA8-b7-3M,6,0.6666666865348816,Positive,First exhibiting is a wonderful opportunity to network with other legal vendors.,6.183125,0.12366250000000001,39,50,47,0.9193548387096774,0.9442916666666669,0.9625,12,ok
-egA8-b7-3M$_$9,-egA8-b7-3M,9,0.3333333432674408,Positive,"Secondly, another goal of exhibiting  is building your company image.",4.936125,0.09872249999999999,37,50,44,0.9019607843137255,0.97841,1.0,10,ok
-egA8-b7-3M$_$20,-egA8-b7-3M,20,0.3333333432674408,Positive,"Now you've got a face that you can connect with a voice, and that makes you closer to that client.",6.4744375,0.12948874999999999,38,50,48,0.9545454545454546,0.9778849999999999,1.0,20,ok
-iRBcNs9oI8$_$3,-iRBcNs9oI8,3,0.6666666865348816,Positive,"Well, it is the secret of power pose",5.53825,0.11076499999999999,23,50,0,0.0,0.366175,0.23529411764705882,8,ok
-iRBcNs9oI8$_$7,-iRBcNs9oI8,7,0.6666666865348816,Positive,"Well, for starters, let's look at the word ""power""",4.00575,0.08011499999999999,41,50,0,0.0,0.29401111111111106,0.3541666666666667,9,ok
-iRBcNs9oI8$_$6,-iRBcNs9oI8,6,0.3333333432674408,Positive,What is a power pose,2.8204375,0.05640875,20,50,0,0.0,0.40346000000000004,0.2153846153846154,5,ok
-iRBcNs9oI8$_$9,-iRBcNs9oI8,9,1.3333333730697632,Positive,Power is similar to strength,3.3740625,0.06748124999999999,19,50,0,0.0,0.25616,0.38095238095238093,5,ok
-iRBcNs9oI8$_$8,-iRBcNs9oI8,8,1.0,Positive,"I've drawn this man here, and if you can tell, he has a lot of big muscles, he looks very strong",8.0260625,0.16052125,40,50,0,0.0,0.28619047619047616,0.33663366336633666,21,ok
-lzEya4AM_4$_$5,-lzEya4AM_4,5,-0.6666666865348816,Negative,"If it falls into oh any of those three categories, inducing nausea and vomiting would be your next step.",7.5696875,0.15139375,34,50,0,0.0,0.8725315789473683,0.945273631840796,19,ok
-lzEya4AM_4$_$6,-lzEya4AM_4,6,-0.3333333432674408,Negative,"If the product or poison is some type of petroleum product or corrosive product, you would not attempt to induce vomiting and nausea, as as the product burned on the way down it could cause damage and burning on the way back up.",14.740375,0.2948075,43,50,3,0.033783783783783786,0.9269697674418604,0.9775784753363229,43,ok
-mJ2ud6oKI8$_$1,-mJ2ud6oKI8,1,0.0,Neutral,There are a dozen or more hands on techniques that we can do,6.0545,0.12109,50,50,0,0.0,0.018184615384615382,0.0,13,ok
-mJ2ud6oKI8$_$2,-mJ2ud6oKI8,2,0.0,Neutral,So physical therapists and chiropractors will do joint manipulations and mobilizations,5.7016875,0.11403375,50,50,0,0.0,0.017154545454545454,0.0,11,ok
-mJ2ud6oKI8$_$6,-mJ2ud6oKI8,6,0.3333333432674408,Positive,They are all very safe,2.228125,0.0445625,36,50,0,0.0,0.44395999999999997,0.4482758620689655,5,ok
-mJ2ud6oKI8$_$9,-mJ2ud6oKI8,9,0.0,Neutral,"It's safe and the person will feel better later on, but it's sort of like flossing your teeth for the first time",6.90875,0.13817500000000002,38,50,17,0.34285714285714286,0.30634545454545453,0.29045643153526973,22,ok
-mJ2ud6oKI8$_$8,-mJ2ud6oKI8,8,-0.3333333432674408,Negative,Sometimes we have to stretch that joint that is already irritated,4.171375,0.0834275,37,50,0,0.0,0.20574545454545454,0.16541353383458646,11,ok
-mqbVkbCndg$_$0,-mqbVkbCndg,0,0.0,Neutral,"How, at a particular moment in time—our moment in time—are they limited",6.3855,0.12771000000000002,35,50,49,0.9692307692307692,0.9788571428571432,1.0,14,ok
-t217m2on-s$_$2,-t217m2on-s,2,0.6666666865348816,Positive,"But a good thing to do is yawning, chewing gum is effective.",5.6301875,0.11260375,30,50,0,0.0,0.8571583333333334,0.9256198347107438,12,ok
-t217m2on-s$_$7,-t217m2on-s,7,-0.6666666865348816,Negative,"If you find that your ears consistently do this and you can't pop them often, you'll definitely need to see a physician regarding those things, it could be something more of a nasal infection or a sinus infection that he would need to deal with.",17.026375,0.34052750000000004,41,50,0,0.0,0.9657733333333332,0.979757085020243,45,ok
-tANM6ETl_M$_$3,-tANM6ETl_M,3,0.3333333432674408,Positive,"The first place is either you have a prospect, or a customer who's never done it before, or they've never tried it.",6.603625,0.1320725,42,50,1,0.014925373134328358,0.9050318181818181,0.9727272727272728,22,ok
-tPCytz4rww$_$11,-tPCytz4rww,11,0.0,Neutral,"Make sure that your using comps that are not larger, no larger than twelve hundred square feet.",5.3785625,0.10757125000000001,37,50,0,0.0,0.9459117647058823,0.9137055837563451,17,ok
-tPCytz4rww$_$10,-tPCytz4rww,10,0.0,Neutral,Say twenty percent so if you've got a thousand square foot condo.,4.6788125,0.09357625,34,50,0,0.0,0.9633833333333333,0.8936170212765957,12,ok
-tPCytz4rww$_$12,-tPCytz4rww,12,0.0,Neutral,"No less than eight hundred squire feet and going to similar in, similar with bedrooms and bathrooms as well and hopefully the complexes have similar amenities.",11.7361875,0.23472375,39,50,0,0.0,0.8729,0.8908554572271387,26,ok
-tPCytz4rww$_$16,-tPCytz4rww,16,0.0,Neutral,So make sure to get a through or to do a through cleaning of the property.,7.1391875,0.14278375000000001,30,50,0,0.0,0.92430625,0.9056603773584906,16,ok
-tPCytz4rww$_$18,-tPCytz4rww,18,0.0,Neutral,Do so and as well you'll also want to remove any clutter from that you've accumulated.,6.5688125,0.13137625,33,50,0,0.0,0.9589375,0.8994708994708994,16,ok
-vxjVxOeScU$_$4,-vxjVxOeScU,4,1.0,Positive,"You're going to talk about their life, their marriage and usually how amazing it is that they've stayed together this long.",9.0370625,0.18074125,39,50,22,0.3516483516483517,0.8459714285714287,0.889795918367347,21,ok
-wMB_hJL-3o$_$7,-wMB_hJL-3o,7,0.3333333432674408,Positive,So if you have a loved one who is depressed those are some of the things that you should think about doing.,5.9755625,0.11951125,38,50,1,0.016666666666666666,0.9677909090909093,1.0,22,ok
-wny0OAz3g8$_$1,-wny0OAz3g8,1,0.3333333432674408,Positive,"And because they couldn’t join unions, many Black workers couldn’t get manufacturing or trade work – which paid much better than service work",6.7765625,0.13553125,43,50,5,0.08823529411764706,0.9714272727272729,0.9261744966442953,22,ok
-wny0OAz3g8$_$0,-wny0OAz3g8,0,0.3333333432674408,Positive,trade labor unions didn’t allow Black workers to join,3.274,0.06548,37,50,20,0.6060606060606061,0.9615111111111112,0.8983050847457628,9,ok
-wny0OAz3g8$_$3,-wny0OAz3g8,3,-1.3333333730697632,Negative,Which then allowed the white workers and unions to justify their decision to not allow black workers into their union,6.099875,0.1219975,42,50,9,0.18032786885245902,0.9647600000000001,0.9140625,20,ok
-wny0OAz3g8$_$2,-wny0OAz3g8,2,-0.3333333432674408,Negative,"And because they couldn’t get these jobs, Black communities had more men out of work, higher rates of poverty, and more criminal behavior",6.5226875,0.13045375,41,50,32,0.582089552238806,0.9627869565217391,0.9078498293515358,23,ok
-wny0OAz3g8$_$5,-wny0OAz3g8,5,1.0,Positive,"This is what’s now known as racial formation theory, a theory formalized by modern sociologists Michael Omi and Howard Winant",6.7414375,0.13482875,42,50,8,0.17391304347826086,0.9585100000000001,0.9104477611940298,20,ok
-wny0OAz3g8$_$7,-wny0OAz3g8,7,0.0,Neutral,Omi and Winant argue that the concept of race came about as a tool to justify and maintain the economic and political power held by those of European descent,7.9105,0.15821,49,50,6,0.12345679012345678,0.9404758620689656,0.9240121580547113,29,ok
-wny0OAz3g8$_$9,-wny0OAz3g8,9,0.6666666865348816,Positive,"He explores why Black and White Americans tend to have such different outcomes in terms of income, education, and more",6.0435,0.12086999999999999,48,50,28,0.4838709677419355,0.87834,0.904,20,ok
-571d8cVauQ$_$0,-571d8cVauQ,0,0.0,Neutral,"This is Rhett Reiger, White Caspian Studios on behalf of Expert Village.",4.9923125,0.09984625,35,50,38,0.7692307692307693,0.8262666666666667,0.8888888888888888,12,ok
-571d8cVauQ$_$5,-571d8cVauQ,5,0.3333333432674408,Positive,"So very important to go out to the locations, walk around, talk with the owners if you can, tell them what you're doing, build a little excitement, put a little glitz on there and let everybody knows this is a very valuable spot.",15.11525,0.302305,44,50,21,0.2679738562091503,0.9380302325581394,0.9714285714285714,43,ok
-I_e4mIh0yE$_$1,-I_e4mIh0yE,1,-0.6666666865348816,Negative,In the United States we don't punish failure to the degree to which failure is punished in Europe.,7.4443125,0.14888625,36,50,50,1.0,0.9759222222222222,0.9748743718592965,18,ok
-I_e4mIh0yE$_$3,-I_e4mIh0yE,3,0.6666666865348816,Positive,"It's perceived that you have actually learned something, over the course of your carreer, and that you won't make the mistake twice.",8.994375,0.1798875,36,50,50,1.0,0.8937818181818183,0.8389261744966443,22,ok
-UacrmKiTn4$_$10,-UacrmKiTn4,10,-0.6666666865348816,Negative,"Because, if they are not in any way held accountable for reading the material they won't do it.",7.2420625,0.14484125,37,50,50,1.0,0.95645,0.9441624365482234,18,ok
-UacrmKiTn4$_$4,-UacrmKiTn4,4,-1.3333333730697632,Negative,Just given to their own devices they are not going to read the textbook.,4.6819375,0.09363875,39,50,47,1.0,0.9842000000000001,0.9726027397260274,14,ok
-hnBHBN8p5A$_$7,-hnBHBN8p5A,7,0.6666666865348816,Positive,"Picture this, before we actually start hacking, we’re in a room formal setting",7.3085625,0.14617125,35,50,0,0.0,0.2516076923076923,0.2838709677419355,13,ok
-hnBHBN8p5A$_$6,-hnBHBN8p5A,6,1.0,Positive,"Discussion, how to discuss ideas and opinions more effectively than a native speaker",6.3328125,0.12665625,28,50,8,0.15625,0.28536153846153844,0.24113475177304963,13,ok
-qDkUB0GgYY$_$6,-qDkUB0GgYY,6,1.3333333730697632,Positive,"We always love to hear what you say, and like and share this video as well.",4.6146875,0.09229375,33,50,46,1.0,0.7342500000000001,0.7763157894736842,16,ok
-uywlfIYOS8$_$4,-uywlfIYOS8,4,0.3333333432674408,Positive,"And then from a brand point of view, we need to make sure we're driving the relevant insight.",5.881125,0.1176225,40,50,49,0.9833333333333333,0.9424944444444444,0.8186046511627907,18,ok
-6rXp3zJ3kc$_$8,-6rXp3zJ3kc,8,-1.0,Negative,Many people are not until they get to be a older age and they realize that gosh they wasted a lot of time and money in placing bets on stock that's ultimately lost value.,12.738,0.25476,39,50,49,0.9765625,0.9532558823529411,0.9382022471910112,34,ok
-9y-fZ3swSY$_$0,-9y-fZ3swSY,0,1.0,Positive,"is, you can say, hey I really like baby skin, they are so soft, they don’t have any hair on their face",6.757,0.13513999999999998,38,50,0,0.0,0.7378636363636364,0.7714285714285715,22,ok
-9y-fZ3swSY$_$4,-9y-fZ3swSY,4,0.0,Neutral,I’ve seen this in US or in the US,2.6648125,0.05329625,34,50,0,0.0,0.5166888888888889,0.71875,9,ok
-9y-fZ3swSY$_$8,-9y-fZ3swSY,8,1.6666666269302368,Positive,That’s a more decent and more polite way to call a lady,4.917,0.09834,35,50,0,0.0,0.9312166666666665,0.9243697478991597,12,ok
-AUZQgSxyPQ$_$2,-AUZQgSxyPQ,2,0.6666666865348816,Positive,"The perfect soul mate to the Clarisonic Spot Therapy Brush, this gentle, Ph balanced and hydrating exfoliant containing jojoba and acai fruit oils and bamboo and prickly bear extracts deliver intense healing, while smooth granules buff away dead, dry skin cells.",22.4045625,0.44809125,47,50,50,0.9733333333333334,0.7783146341463415,0.07905138339920949,41,ok
-HeZS2-Prhc$_$2,-HeZS2-Prhc,2,0.6666666865348816,Positive,The August jobs report is out and it was seen overall as solid but not great.,8.150875,0.16301749999999998,37,50,46,0.9146341463414634,0.86045,0.8114285714285714,16,ok
-MeTTeMJBNc$_$0,-MeTTeMJBNc,0,0.3333333432674408,Positive,"Okay, what happens at this point after we've taken this brief walk down memory lane, is the presentation of the gift.",9.2183125,0.18436624999999998,38,50,0,0.0,0.9540285714285713,0.961038961038961,21,ok
-MeTTeMJBNc$_$13,-MeTTeMJBNc,13,0.3333333432674408,Positive,"It just needs to be a simple statement, and then you present the gift.",5.2555,0.10511,33,50,0,0.0,0.9761642857142857,0.950354609929078,14,ok
-MeTTeMJBNc$_$7,-MeTTeMJBNc,7,1.3333333730697632,Positive,"Maybe you could find a picture of the couple from their wedding or sometime in their life, or maybe even a current picture and have it put in a beautiful frame.",10.4113125,0.20822624999999997,43,50,5,0.05714285714285714,0.9200225806451613,0.968944099378882,31,ok
-RfYyzHpjk4$_$11,-RfYyzHpjk4,11,2.0,Positive,"So get your friends lined up, get your business colleagues lined up and have a good time.",5.074875,0.10149749999999999,35,50,7,0.1346153846153846,0.9158941176470587,0.9162011173184358,17,ok
-RfYyzHpjk4$_$8,-RfYyzHpjk4,8,0.3333333432674408,Positive,"It's pretty, pretty easy to do but you got to set up those numbers ahead of time.",4.532375,0.0906475,38,50,6,0.13043478260869565,0.9442882352941175,0.9575757575757575,17,ok
-RfYyzHpjk4$_$2,-RfYyzHpjk4,2,0.3333333432674408,Positive,"You can make a conference call but it takes quite a bit of planning, well not a lot of planning it's pretty easy to do.",5.3918125,0.10783625000000001,42,50,0,0.0,0.722772,0.8425531914893617,25,ok
-UUCSKoHeMA$_$0,-UUCSKoHeMA,0,0.0,Neutral,"I mentioned a word in the last clip called 'monotone', and I want to talk about that briefly.",7.73225,0.154645,34,50,50,0.9873417721518988,0.8908,0.9206349206349206,18,ok
-ri04Z7vwnc$_$0,-ri04Z7vwnc,0,0.0,Neutral,going to get married or are already married,2.76325,0.055265,27,50,0,0.0,0.053337499999999996,0.08888888888888889,8,ok
-ri04Z7vwnc$_$2,-ri04Z7vwnc,2,-0.3333333432674408,Negative,"most people think it'll sort itself out, ""we'll discuss it later,"" it's not something too important",5.913375,0.11826750000000001,46,50,0,0.0,0.030656250000000003,0.06956521739130435,16,ok
-ri04Z7vwnc$_$5,-ri04Z7vwnc,5,0.3333333432674408,Positive,""" So I think it's important to discuss finances",3.43975,0.068795,36,50,9,0.2571428571428571,0.19019999999999998,0.2018348623853211,8,ok
-s9qJ7ATP7w$_$1,-s9qJ7ATP7w,1,0.6666666865348816,Positive,"But the hardest thing in life to learn, is to lose",4.6438125,0.09287625000000001,33,50,0,0.0,0.8668181818181818,0.7966101694915254,11,ok
-s9qJ7ATP7w$_$0,-s9qJ7ATP7w,0,-0.3333333432674408,Negative,"they have doubt, they have fear, they lose in a Ferrari race, or they lose in a race, and then they just give up",6.7105625,0.13421125,39,50,0,0.0,0.8200500000000002,0.8780487804878049,24,ok
-s9qJ7ATP7w$_$5,-s9qJ7ATP7w,5,-2.0,Negative,"I have been beat up and put down and everything that can go wrong, has gone wrong for me",8.397875,0.1679575,34,50,0,0.0,0.9218263157894737,0.9157894736842105,19,ok
-s9qJ7ATP7w$_$4,-s9qJ7ATP7w,4,0.0,Neutral,"I have lost at everything you can imagine, seriously",4.246875,0.0849375,30,50,0,0.0,0.8842555555555555,0.7931034482758621,9,ok
-s9qJ7ATP7w$_$7,-s9qJ7ATP7w,7,1.0,Positive,"I used to work for Warren Avis, the guy who started Avis Rent a Car, and he said to me one day, ""Robert, ""what's the purpose of business",6.8385625,0.13677125,40,50,4,0.08695652173913043,0.7720464285714286,0.8377358490566038,28,ok
-s9qJ7ATP7w$_$6,-s9qJ7ATP7w,6,0.0,Neutral,But I just kept going,2.3148125,0.04629625,18,50,0,0.0,0.9065799999999999,0.8235294117647058,5,ok
-s9qJ7ATP7w$_$8,-s9qJ7ATP7w,8,1.3333333730697632,Positive,""" And I said, ""Oh, make a profit, and all these other things",3.18425,0.063685,32,50,24,0.7272727272727273,0.8567750000000002,0.7596899224806202,12,ok
-yRb-Jum7EQ$_$1,-yRb-Jum7EQ,1,0.0,Neutral,"it comes with the assistance and agitation of states and regimes, Yesterday Iran announced that it will finance the families of the terrorists and murderers this shows that Iran, even after the nuclear agreement, is continuing to aid terrorism, including Palestinian terrorism, Hezbollah terrorism and its assistance to Hamas.",29.10975,0.582195,46,50,22,0.23208191126279865,0.2915816326530612,0.017094017094017096,49,ok
-yRb-Jum7EQ$_$5,-yRb-Jum7EQ,5,-0.6666666865348816,Negative,"Yesterday Eliav Gelman lost his life in another terrorist attack, not by the students of terrorism, but by those who teach terrorism, a Palestinian teacher.",13.0445625,0.26089125,43,50,31,0.36363636363636365,0.24786799999999995,0.16393442622950818,25,ok
-yRb-Jum7EQ$_$6,-yRb-Jum7EQ,6,0.0,Neutral,"Therefore, the world needs to stand with Israel against this incitement, which is the number one cause of terrorism.",11.2425625,0.22485125,32,50,20,0.29464285714285715,0.21053684210526313,0.21395348837209302,19,ok
