sample_id,pred_class,pred_polarity,pred_intensity,pred_prob,main_modality_shapley,phi_text_cls,phi_audio_cls,phi_vision_cls,share_text,share_audio,share_vision,phi_text_reg,phi_audio_reg,phi_vision_reg,efficiency_cls,sum_phi_cls,efficiency_reg,sum_phi_reg,v_empty_cls,v_T_cls,v_A_cls,v_V_cls,v_TA_cls,v_TV_cls,v_AV_cls,v_TAV_cls,alpha_full
01,1,Neutral,0.0494,0.6642,text,0.3126,0.02527,0.08427,0.7405,0.0599,0.1996,0.0263,0.04202,0.02657,0.42213,0.42213,0.09489,0.09489,0.24209,0.66021,0.32358,0.41899,0.64651,0.6691,0.43107,0.66422,"[0.4496999979019165, 0.3012000024318695, 0.249099999666214]"
02,1,Neutral,0.1581,0.3642,audio,0.03921,0.04677,0.03617,0.321,0.3829,0.2961,0.44665,-0.18278,-0.06029,0.12214,0.12214,0.20358,0.20358,0.24209,0.27912,0.29648,0.32052,0.35159,0.30634,0.30411,0.36423,"[0.5300999879837036, 0.2800000011920929, 0.1898999959230423]"
03,1,Neutral,-0.0867,0.4648,text,0.15426,0.0067,0.06179,0.6925,0.0301,0.2774,-0.45363,0.18802,0.22439,0.22275,0.22275,-0.04123,-0.04123,0.24209,0.42422,0.28508,0.35099,0.427,0.47126,0.31528,0.46483,"[0.44279998540878296, 0.3075000047683716, 0.24969999492168427]"
04,0,Negative,-0.3898,0.7437,text,0.56115,-0.09353,-0.11653,0.7276,0.1213,0.1511,-1.28752,0.41875,0.52444,0.35108,0.35108,-0.34434,-0.34434,0.39257,0.8834,0.21663,0.20453,0.84276,0.80886,0.16628,0.74365,"[0.5436999797821045, 0.19499999284744263, 0.2612999975681305]"
05,2,Positive,0.7766,0.654,text,0.17596,-0.05108,0.16381,0.4502,0.1307,0.4191,0.49025,0.0052,0.32661,0.28869,0.28869,0.82206,0.82206,0.36534,0.58099,0.27954,0.55969,0.52975,0.67938,0.52675,0.65403,"[0.4041999876499176, 0.27309998869895935, 0.32269999384880066]"
06,2,Positive,0.5197,0.4946,text,0.27972,-0.03676,-0.11373,0.6502,0.0855,0.2644,0.43598,0.21662,-0.08738,0.12922,0.12922,0.56522,0.56522,0.36534,0.62831,0.29226,0.20668,0.58307,0.5147,0.21778,0.49456,"[0.5087000131607056, 0.32690000534057617, 0.16439999639987946]"
07,2,Positive,0.5857,0.5843,text,0.29222,-0.06737,-0.00593,0.7995,0.1843,0.0162,0.70224,-0.05614,-0.01493,0.21891,0.21891,0.63117,0.63117,0.36534,0.66456,0.29308,0.35108,0.59091,0.65578,0.30808,0.58425,"[0.4814999997615814, 0.32100000977516174, 0.19750000536441803]"
08,2,Positive,0.5684,0.5333,text,0.38571,-0.07192,-0.14586,0.6391,0.1192,0.2417,0.86266,-0.0807,-0.16808,0.16794,0.16794,0.61389,0.61389,0.36534,0.77595,0.28497,0.19643,0.68983,0.63049,0.2062,0.53327,"[0.4309999942779541, 0.3285999894142151, 0.24040000140666962]"
09,0,Negative,-1.5224,0.9452,text,0.57241,-0.03209,0.01234,0.928,0.052,0.02,-1.7184,0.26734,-0.02587,0.55266,0.55266,-1.47693,-1.47693,0.39257,0.94736,0.30639,0.39033,0.94375,0.94866,0.38062,0.94523,"[0.7480000257492065, 0.13349999487400055, 0.1185000017285347]"
10,0,Negative,-1.1164,0.8603,text,0.60785,-0.06895,-0.07118,0.8126,0.0922,0.0952,-1.56468,0.26687,0.22694,0.46772,0.46772,-1.07087,-1.07087,0.39257,0.92146,0.25238,0.26459,0.90059,0.88391,0.19938,0.86029,"[0.6796000003814697, 0.15950000286102295, 0.16089999675750732]"
11,0,Negative,-1.1467,0.8966,text,0.49892,0.0091,-0.00396,0.9745,0.0178,0.0077,-1.04538,-0.07512,0.01933,0.50406,0.50406,-1.10118,-1.10118,0.39257,0.89595,0.40054,0.38418,0.90257,0.89281,0.40859,0.89663,"[0.7056999802589417, 0.19280000030994415, 0.1014999970793724]"
12,0,Negative,-1.0926,0.8811,text,0.53094,-0.06656,0.0241,0.8542,0.1071,0.0388,-1.1132,0.14791,-0.08183,0.48849,0.48849,-1.04712,-1.04712,0.39257,0.91348,0.26934,0.44613,0.89168,0.8962,0.34536,0.88106,"[0.6083999872207642, 0.2257000058889389, 0.16580000519752502]"
13,1,Neutral,0.1869,0.5716,text,0.25124,0.07824,0.0,0.7625,0.2375,0.0,0.3244,-0.092,0.0,0.32948,0.32948,0.2324,0.2324,0.24209,0.57197,0.39898,0.24209,0.57156,0.57197,0.39898,0.57156,"[0.5127000212669373, 0.48730000853538513, 0.0]"
14,1,Neutral,0.4862,0.5011,text,0.38057,0.03284,-0.1544,0.6702,0.0578,0.2719,-0.15683,0.12279,0.56571,0.25902,0.25902,0.53166,0.53166,0.24209,0.73629,0.35521,0.16572,0.69462,0.50963,0.19525,0.50111,"[0.36399999260902405, 0.33059999346733093, 0.3052999973297119]"
15,2,Positive,0.887,0.7705,text,0.33391,0.08751,-0.01628,0.7629,0.1999,0.0372,0.57709,0.33039,0.02505,0.40513,0.40513,0.93253,0.93253,0.36534,0.80379,0.54428,0.36407,0.78983,0.76246,0.52917,0.77047,"[0.515500009059906, 0.2775000035762787, 0.2070000022649765]"
16,0,Negative,-1.6752,0.9429,text,0.59914,-0.06022,0.01142,0.8932,0.0898,0.017,-1.72994,0.09085,0.00941,0.55034,0.55034,-1.62967,-1.62967,0.39257,0.95119,0.26979,0.41861,0.94965,0.94413,0.3068,0.94291,"[0.7139999866485596, 0.13199999928474426, 0.15399999916553497]"
17,2,Positive,1.2569,0.8608,text,0.57483,-0.04477,-0.03464,0.8786,0.0684,0.0529,1.3226,0.02006,-0.04023,0.49542,0.49542,1.30243,1.30243,0.36534,0.90597,0.26678,0.29083,0.88518,0.8814,0.2814,0.86076,"[0.5806999802589417, 0.2660999894142151, 0.15320000052452087]"
18,0,Negative,-0.422,0.5018,text,0.14086,-0.02365,-0.00801,0.8165,0.1371,0.0464,-0.50876,0.17285,-0.04059,0.10921,0.10921,-0.3765,-0.3765,0.39257,0.52737,0.33585,0.40179,0.54106,0.50639,0.3689,0.50178,"[0.4781000018119812, 0.25870001316070557, 0.2632000148296356]"
19,0,Negative,0.397,0.4531,text,0.20107,-0.05796,-0.08258,0.5886,0.1697,0.2417,0.02515,0.16486,0.25245,0.06054,0.06054,0.44246,0.44246,0.39257,0.5452,0.27202,0.26455,0.51963,0.47785,0.23298,0.45311,"[0.6191999912261963, 0.20999999344348907, 0.17080000042915344]"
20,2,Positive,0.8708,0.8098,text,0.31204,0.00482,0.12763,0.702,0.0108,0.2871,0.61834,0.06199,0.23591,0.44448,0.44448,0.91624,0.91624,0.36534,0.75442,0.39421,0.59351,0.76303,0.80936,0.55513,0.80982,"[0.4779999852180481, 0.26109999418258667, 0.26089999079704285]"
