sample_id,pred_class,pred_polarity,pred_intensity,pred_prob,prob_neg,prob_neu,prob_pos,a_obs_rate,v_obs_rate,phi_text_cls,phi_audio_cls,phi_vision_cls,main_modality,share_text,share_audio,share_vision,phi_text_reg,phi_audio_reg,phi_vision_reg,efficiency_cls,sum_phi_cls,efficiency_reg,sum_phi_reg,v_empty_cls,v_full_cls,evidence_positions,evidence_individual_drop,evidence_attention,attention_top_positions,attention_top_attention,occlusion_positions_tested,effect_ranked_set_drop,attention_ranked_set_drop,rankings_agree,positive_individual_effects
01,1,Neutral,0.2816,0.7266,0.0219,0.7266,0.2515,0.44,0.44,0.24036,0.085862,0.059966,T,0.6224,0.2223,0.1553,0.235178,-0.015652,0.026114,0.386189,0.386189,0.24564,0.24564,0.340387,0.726576,22;3;7;5;9,0.0152;0.0142;0.0084;0.0074;0.0037,0.0415;0.0429;0.0421;0.0413;0.0413,6;15;3;19;7,0.0431;0.0430;0.0429;0.0422;0.0421,22,0.06461,0.013112,0,7
02,1,Neutral,0.2092,0.4881,0.1627,0.4881,0.3492,0.38,0.38,0.006002,0.121823,0.019865,A,0.0406,0.8249,0.1345,0.482721,-0.133665,-0.175886,0.14769,0.14769,0.173171,0.173171,0.340387,0.488077,19;1;13;16;2,0.0224;0.0155;0.0121;0.0054;0.0048,0.0456;0.0466;0.0478;0.0485;0.0488,18;8;2;5;16,0.0503;0.0489;0.0488;0.0486;0.0485,19,0.070957,-0.002384,0,8
03,0,Negative,-0.5761,0.6515,0.6515,0.3043,0.0442,0.66,0.66,0.395131,-0.074469,-0.004374,T,0.8337,0.1571,0.0092,-0.850297,0.194698,0.043516,0.316288,0.316288,-0.612084,-0.612084,0.335172,0.65146,28;26;20;21;14,0.0387;0.0286;0.0281;0.0225;0.0223,0.0302;0.0276;0.0296;0.0302;0.0285,28;21;20;5;18,0.0302;0.0302;0.0296;0.0294;0.0293,33,0.174691,0.124297,0,17
04,0,Negative,0.1211,0.5862,0.5862,0.1444,0.2694,0.52,0.52,0.516706,-0.089301,-0.176353,T,0.6604,0.1141,0.2254,-0.94598,0.381521,0.649561,0.251052,0.251052,0.085102,0.085102,0.335172,0.586223,21;25;11;12;10,0.0775;0.0774;0.0487;0.0427;0.0415,0.0373;0.0370;0.0360;0.0353;0.0361,4;21;3;16;25,0.0377;0.0373;0.0370;0.0370;0.0370,26,0.360657,0.235355,0,13
05,2,Positive,0.7725,0.681,0.0067,0.3123,0.681,0.3,0.3,0.193498,-0.093006,0.256029,V,0.3567,0.1714,0.4719,0.380208,-0.183272,0.539544,0.356521,0.356521,0.736479,0.736479,0.324441,0.680962,2;5;4;1;3,0.0465;0.0263;0.0220;0.0125;0.0116,0.0591;0.0594;0.0594;0.0596;0.0602,10;3;14;11;1,0.0603;0.0602;0.0601;0.0601;0.0596,15,0.165997,-0.013216,0,7
06,2,Positive,0.8741,0.7253,0.0307,0.244,0.7253,0.7,0.7,0.498121,0.028853,-0.126094,T,0.7627,0.0442,0.1931,0.937332,0.080817,-0.180026,0.40088,0.40088,0.838123,0.838123,0.324441,0.725321,21;6;17;7;23,0.0525;0.0251;0.0121;0.0118;0.0105,0.0274;0.0270;0.0272;0.0275;0.0273,5;28;26;11;7,0.0280;0.0279;0.0279;0.0277;0.0275,35,0.142029,-0.015207,0,18
07,2,Positive,0.8327,0.7905,0.0038,0.2057,0.7905,0.96,0.96,0.423728,0.007219,0.035063,T,0.9093,0.0155,0.0752,0.693426,0.016965,0.086305,0.466011,0.466011,0.796696,0.796696,0.324441,0.790452,21;23;44;27;24,0.0253;0.0131;0.0130;0.0109;0.0106,0.0211;0.0206;0.0196;0.0199;0.0209,22;21;24;17;7,0.0212;0.0211;0.0209;0.0209;0.0209,48,0.093956,0.050633,0,22
08,2,Positive,0.5541,0.5726,0.0123,0.4151,0.5726,0.22,0.22,0.458893,-0.056008,-0.154741,T,0.6853,0.0836,0.2311,0.85247,-0.053964,-0.280351,0.248144,0.248144,0.518154,0.518154,0.324441,0.572585,8;2;10;1;4,0.0785;0.0273;0.0260;0.0062;-0.0018,0.0778;0.0770;0.0791;0.0749;0.0756,11;10;8;5;7,0.0800;0.0791;0.0778;0.0777;0.0771,11,0.193624,0.111803,0,4
09,0,Negative,-2.5289,0.9952,0.9952,0.0038,0.0011,0.36,0.36,0.715043,-0.056607,0.001546,T,0.9248,0.0732,0.002,-2.769509,0.216166,-0.011528,0.659982,0.659982,-2.564871,-2.564871,0.335172,0.995154,7;16;6;14;17,0.0004;0.0003;0.0002;0.0002;0.0001,0.0548;0.0516;0.0527;0.0517;0.0509,7;6;14;16;5,0.0548;0.0527;0.0517;0.0516;0.0514,18,0.002677,0.002675,0,9
10,0,Negative,-1.5869,0.963,0.963,0.0212,0.0158,0.6,0.6,0.732521,-0.05451,-0.05015,T,0.875,0.0651,0.0599,-2.046785,0.218009,0.20586,0.627862,0.627862,-1.622915,-1.622915,0.335172,0.963033,12;30;28;29;25,0.0085;0.0075;0.0065;0.0032;0.0031,0.0318;0.0339;0.0332;0.0345;0.0312,29;30;8;28;9,0.0345;0.0339;0.0334;0.0332;0.0326,30,0.069311,0.015195,0,9
11,0,Negative,-1.2823,0.9129,0.9129,0.064,0.0231,0.28,0.28,0.566364,-0.006762,0.018171,T,0.9578,0.0114,0.0307,-1.139764,-0.130232,-0.048332,0.577773,0.577773,-1.318328,-1.318328,0.335172,0.912945,3;4;2;6;14,0.0475;0.0251;0.0197;0.0096;0.0048,0.0680;0.0668;0.0656;0.0653;0.0610,3;4;2;6;11,0.0680;0.0668;0.0656;0.0653;0.0633,14,0.431914,0.392555,0,7
12,0,Negative,-1.4086,0.9201,0.9201,0.0667,0.0131,0.84,0.84,0.614862,-0.062446,0.032537,T,0.8662,0.088,0.0458,-1.327235,0.060512,-0.17786,0.584954,0.584954,-1.444583,-1.444583,0.335172,0.920125,41;34;33;23;40,0.0164;0.0099;0.0088;0.0073;0.0064,0.0242;0.0235;0.0236;0.0228;0.0248,40;41;8;7;30,0.0248;0.0242;0.0238;0.0237;0.0236,42,0.085895,0.033187,0,17
13,1,Neutral,0.1742,0.7438,0.0396,0.7438,0.2166,0.6,0.0,0.280493,0.122947,0.0,T,0.6953,0.3047,0.0,0.187446,-0.049222,0.0,0.40344,0.40344,0.138224,0.138224,0.340387,0.743827,6;30;1;27;18,0.0107;0.0059;0.0056;0.0048;0.0039,0.0329;0.0308;0.0309;0.0305;0.0322,6;7;18;5;17,0.0329;0.0325;0.0322;0.0321;0.0321,30,0.034819,0.013003,0,15
14,1,Neutral,0.368,0.6419,0.0308,0.6419,0.3273,0.7,0.7,0.424873,0.069099,-0.192456,T,0.619,0.1007,0.2804,-0.347043,0.05,0.629081,0.301516,0.301516,0.332037,0.332037,0.340387,0.641903,1;9;25;19;12,0.0117;0.0091;0.0080;0.0074;0.0065,0.0268;0.0271;0.0263;0.0274;0.0266,33;21;4;18;17,0.0282;0.0278;0.0278;0.0278;0.0275,35,0.047298,-0.000663,0,21
15,2,Positive,1.459,0.9438,0.0028,0.0534,0.9438,0.42,0.42,0.487249,0.101303,0.030768,T,0.7867,0.1636,0.0497,1.00187,0.348886,0.07227,0.61932,0.61932,1.423026,1.423026,0.324441,0.943762,20;19;18;13;17,0.0093;0.0070;0.0064;0.0044;0.0040,0.0450;0.0444;0.0457;0.0440;0.0446,18;5;20;17;19,0.0457;0.0452;0.0450;0.0446;0.0444,21,0.063507,0.042671,0,7
16,0,Negative,-2.5891,0.996,0.996,0.0032,0.0008,0.22,0.22,0.696382,-0.046505,0.010966,T,0.9238,0.0617,0.0145,-2.606312,0.055995,-0.074785,0.660843,0.660843,-2.625103,-2.625103,0.335172,0.996015,10;5;4;6;1,0.0007;0.0003;0.0000;0.0000;-0.0000,0.0877;0.0840;0.0827;0.0710;0.0736,10;5;9;4;8,0.0877;0.0840;0.0832;0.0827;0.0767,11,0.002081,0.003215,0,4
17,2,Positive,1.7264,0.971,0.001,0.028,0.971,0.48,0.48,0.644755,-0.005931,0.007733,T,0.9792,0.009,0.0117,1.625034,0.00314,0.062271,0.646557,0.646557,1.690445,1.690445,0.324441,0.970998,14;13;9;7;11,0.0026;0.0015;0.0014;0.0011;0.0008,0.0381;0.0375;0.0398;0.0376;0.0371,21;12;23;10;9,0.0410;0.0403;0.0400;0.0400;0.0398,24,0.013835,0.003489,0,11
18,1,Neutral,-0.4818,0.4794,0.4642,0.4794,0.0564,0.96,0.96,0.118945,0.013558,0.006515,T,0.8556,0.0975,0.0469,-0.464452,0.173684,-0.22704,0.139018,0.139018,-0.517808,-0.517808,0.340387,0.479405,5;20;4;7;16,0.0230;0.0215;0.0202;0.0181;0.0140,0.0193;0.0195;0.0195;0.0207;0.0198,40;29;28;35;12,0.0216;0.0213;0.0211;0.0211;0.0210,48,0.10157,-0.170484,0,31
19,0,Negative,0.0893,0.5869,0.5869,0.1362,0.2769,0.78,0.78,0.432849,-0.061485,-0.119652,T,0.705,0.1001,0.1949,-0.470406,0.06433,0.459351,0.251711,0.251711,0.053275,0.053275,0.335172,0.586883,17;12;5;29;30,0.0656;0.0577;0.0472;0.0471;0.0377,0.0262;0.0255;0.0263;0.0249;0.0245,3;5;17;4;12,0.0266;0.0263;0.0262;0.0259;0.0255,39,0.319707,0.100733,0,18
20,2,Positive,1.144,0.9136,0.0015,0.0849,0.9136,0.86,0.86,0.3996,0.035438,0.15411,T,0.6783,0.0602,0.2616,0.659153,0.07252,0.376381,0.589148,0.589148,1.108054,1.108054,0.324441,0.913589,3;23;18;2;27,0.0055;0.0052;0.0040;0.0037;0.0027,0.0227;0.0226;0.0221;0.0221;0.0233,27;36;25;3;23,0.0233;0.0232;0.0229;0.0227;0.0226,43,0.027534,0.017625,0,21
