sample_id,预测极性,预测情感强度,分类置信度,主要参考模态,文本贡献份额,语音贡献份额,视觉贡献份额,phi_text_cls,phi_audio_cls,phi_vision_cls,首位文本证据词,估计起点秒,估计终点秒,证据对齐置信度,alignment_similarity,alignment_confidence,token_ids_exact_match,视觉输入状态,极性强度方向冲突,text_evidence,audio_evidence,vision_evidence
01,Neutral,0.04941,0.66422,text,0.7405,0.0599,0.1996,0.3126,0.02527,0.08427,requirements,7.6852,8.2656,0.9638,0.959409594095941,0.928842857142857,True,有非零视觉特征,False,"[{""position"": 22, ""probability_drop"": 0.013152, ""pooling_weight"": 0.0522, ""word"": ""requirements"", ""start_s"": 7.6852, ""end_s"": 8.2656, ""alignment_confidence"": 0.9638, ""char_start"": 125}, {""position"": 11, ""probability_drop"": 0.008021, ""pooling_weight"": 0.219306, ""word"": ""essential"", ""start_s"": 3.7826, ""end_s"": 4.2629, ""alignment_confidence"": 0.9996, ""char_start"": 66}, {""position"": 9, ""probability_drop"": 0.007263, ""pooling_weight"": 0.042446, ""word"": ""belt"", ""start_s"": 3.0421, ""end_s"": 3.2222, ""alignment_confidence"": 0.9996, ""char_start"": 58}]","[{""position"": 22, ""probability_drop"": 0.00279, ""pooling_weight"": 0.088205, ""word"": ""requirements"", ""start_s"": 7.6852, ""end_s"": 8.2656, ""alignment_confidence"": 0.9638, ""char_start"": 125}, {""position"": 1, ""probability_drop"": 0.000449, ""pooling_weight"": 0.045117, ""word"": ""Replacing"", ""start_s"": 0.5003, ""end_s"": 0.9406, ""alignment_confidence"": 0.9779, ""char_start"": 0}, {""position"": 18, ""probability_drop"": 0.000173, ""pooling_weight"": 0.050645, ""word"": ""to"", ""start_s"": 6.8447, ""end_s"": 6.9247, ""alignment_confidence"": 0.9999, ""char_start"": 110}]","[{""position"": 4, ""probability_drop"": 0.000833, ""pooling_weight"": 0.055319, ""word"": ""components"", ""start_s"": 1.481, ""end_s"": 1.9613, ""alignment_confidence"": 0.9868, ""char_start"": 21}, {""position"": 1, ""probability_drop"": 0.000482, ""pooling_weight"": 0.039423, ""word"": ""Replacing"", ""start_s"": 0.5003, ""end_s"": 0.9406, ""alignment_confidence"": 0.9779, ""char_start"": 0}, {""position"": 3, ""probability_drop"": 0.000418, ""pooling_weight"": 0.04938, ""word"": ""wear"", ""start_s"": 1.2208, ""end_s"": 1.401, ""alignment_confidence"": 0.7427, ""char_start"": 16}]"
02,Neutral,0.1581,0.36423,audio,0.321,0.3829,0.2961,0.03921,0.04677,0.03617,to,0.7419,0.782,0.9953,1.0,0.9869615384615384,True,有非零视觉特征,False,"[{""position"": 3, ""probability_drop"": 0.023248, ""pooling_weight"": 0.157503, ""word"": ""to"", ""start_s"": 0.7419, ""end_s"": 0.782, ""alignment_confidence"": 0.9953, ""char_start"": 8}, {""position"": 2, ""probability_drop"": 0.020112, ""pooling_weight"": 0.162886, ""word"": ""want"", ""start_s"": 0.6015, ""end_s"": 0.7018, ""alignment_confidence"": 0.9965, ""char_start"": 3}, {""position"": 1, ""probability_drop"": 0.012086, ""pooling_weight"": 0.046227, ""word"": ""We"", ""start_s"": 0.4812, ""end_s"": 0.5414, ""alignment_confidence"": 0.999, ""char_start"": 0}]","[{""position"": 4, ""probability_drop"": 0.008547, ""pooling_weight"": 0.054031, ""word"": ""live"", ""start_s"": 0.8221, ""end_s"": 0.9424, ""alignment_confidence"": 0.9995, ""char_start"": 11}, {""position"": 18, ""probability_drop"": 0.005904, ""pooling_weight"": 0.043065, ""word"": ""misery"", ""start_s"": 2.4863, ""end_s"": 2.767, ""alignment_confidence"": 0.9712, ""char_start"": 64}, {""position"": 5, ""probability_drop"": 0.005854, ""pooling_weight"": 0.037155, ""word"": ""by"", ""start_s"": 0.9825, ""end_s"": 1.0426, ""alignment_confidence"": 0.9989, ""char_start"": 16}]","[{""position"": 15, ""probability_drop"": 0.000566, ""pooling_weight"": 0.056304, ""word"": ""other’s"", ""start_s"": 2.2457, ""end_s"": 2.4462, ""alignment_confidence"": 0.9794, ""char_start"": 56}, {""position"": 11, ""probability_drop"": 0.000466, ""pooling_weight"": 0.053217, ""word"": ""-"", ""char_start"": 42, ""mapping_status"": ""verified_text_fragment_no_speech_timestamp""}, {""position"": 14, ""probability_drop"": 0.000465, ""pooling_weight"": 0.05388, ""word"": ""each"", ""start_s"": 2.1053, ""end_s"": 2.2055, ""alignment_confidence"": 0.9683, ""char_start"": 51}]"
03,Neutral,-0.08671,0.46483,text,0.6925,0.0301,0.2774,0.15426,0.0067,0.06179,Bankwest,3.0074,3.689,0.9914,0.9292929292929292,0.94044,True,有非零视觉特征,False,"[{""position"": 15, ""probability_drop"": 0.016834, ""pooling_weight"": 0.023097, ""word"": ""Bankwest"", ""start_s"": 3.0074, ""end_s"": 3.689, ""alignment_confidence"": 0.9914, ""char_start"": 55}, {""position"": 4, ""probability_drop"": 0.011851, ""pooling_weight"": 0.025872, ""word"": ""one"", ""start_s"": 0.8822, ""end_s"": 0.9824, ""alignment_confidence"": 0.9362, ""char_start"": 8}, {""position"": 13, ""probability_drop"": 0.010353, ""pooling_weight"": 0.037878, ""word"": ""is"", ""start_s"": 2.6064, ""end_s"": 2.7066, ""alignment_confidence"": 0.7194, ""char_start"": 47}]","[{""position"": 22, ""probability_drop"": 0.003405, ""pooling_weight"": 0.043153, ""word"": ""rental"", ""start_s"": 5.1526, ""end_s"": 5.3932, ""alignment_confidence"": 0.8309, ""char_start"": 79}, {""position"": 29, ""probability_drop"": 0.002467, ""pooling_weight"": 0.017542, ""word"": ""rental"", ""start_s"": 7.5184, ""end_s"": 7.8192, ""alignment_confidence"": 0.8819, ""char_start"": 117}, {""position"": 21, ""probability_drop"": 0.002338, ""pooling_weight"": 0.037815, ""word"": ""take"", ""start_s"": 4.8118, ""end_s"": 4.9922, ""alignment_confidence"": 0.9966, ""char_start"": 74}]","[{""position"": 24, ""probability_drop"": 0.00159, ""pooling_weight"": 0.032667, ""word"": ""into"", ""start_s"": 5.9145, ""end_s"": 6.135, ""alignment_confidence"": 0.9711, ""char_start"": 93}, {""position"": 14, ""probability_drop"": 0.001473, ""pooling_weight"": 0.038458, ""word"": ""just"", ""start_s"": 2.7267, ""end_s"": 2.8871, ""alignment_confidence"": 0.9347, ""char_start"": 50}, {""position"": 23, ""probability_drop"": 0.001343, ""pooling_weight"": 0.032751, ""word"": ""income"", ""start_s"": 5.4935, ""end_s"": 5.7942, ""alignment_confidence"": 0.9381, ""char_start"": 86}]"
04,Negative,-0.38982,0.74365,text,0.7276,0.1213,0.1511,0.56115,-0.09353,-0.11653,not,6.0266,6.2468,0.9902,0.9569377990430622,0.9451350000000002,True,有非零视觉特征,False,"[{""position"": 25, ""probability_drop"": 0.098398, ""pooling_weight"": 0.156418, ""word"": ""not"", ""start_s"": 6.0266, ""end_s"": 6.2468, ""alignment_confidence"": 0.9902, ""char_start"": 103}, {""position"": 21, ""probability_drop"": 0.088675, ""pooling_weight"": 0.141614, ""word"": ""goodbye"", ""start_s"": 4.4849, ""end_s"": 4.9654, ""alignment_confidence"": 0.8691, ""char_start"": 82}, {""position"": 10, ""probability_drop"": 0.03358, ""pooling_weight"": 0.081239, ""word"": ""should"", ""start_s"": 2.1824, ""end_s"": 2.3426, ""alignment_confidence"": 0.9684, ""char_start"": 35}]","[{""position"": 7, ""probability_drop"": 0.001125, ""pooling_weight"": 0.047481, ""word"": ""team"", ""start_s"": 1.2814, ""end_s"": 1.4416, ""alignment_confidence"": 0.9896, ""char_start"": 20}, {""position"": 10, ""probability_drop"": -0.0006, ""pooling_weight"": 0.030749, ""word"": ""should"", ""start_s"": 2.1824, ""end_s"": 2.3426, ""alignment_confidence"": 0.9684, ""char_start"": 35}, {""position"": 6, ""probability_drop"": -0.000736, ""pooling_weight"": 0.04618, ""word"": ""the"", ""start_s"": 1.1813, ""end_s"": 1.2414, ""alignment_confidence"": 0.9919, ""char_start"": 16}]","[{""position"": 3, ""probability_drop"": -0.001344, ""pooling_weight"": 0.039784, ""word"": ""blow"", ""start_s"": 0.7408, ""end_s"": 0.9611, ""alignment_confidence"": 0.8691, ""char_start"": 5}, {""position"": 4, ""probability_drop"": -0.001553, ""pooling_weight"": 0.039641, ""word"": ""it"", ""start_s"": 1.0211, ""end_s"": 1.0612, ""alignment_confidence"": 0.5412, ""char_start"": 10}, {""position"": 2, ""probability_drop"": -0.002671, ""pooling_weight"": 0.035554, ""word"": ""I"", ""start_s"": 0.6207, ""end_s"": 0.6407, ""alignment_confidence"": 0.9997, ""char_start"": 3}]"
05,Positive,0.77658,0.65403,text,0.4502,0.1307,0.4191,0.17596,-0.05108,0.16381,is,2.3054,2.3655,0.5995,0.907563025210084,0.8612909090909091,True,有非零视觉特征,False,"[{""position"": 5, ""probability_drop"": 0.02673, ""pooling_weight"": 0.109251, ""word"": ""is"", ""start_s"": 2.3054, ""end_s"": 2.3655, ""alignment_confidence"": 0.5995, ""char_start"": 12}, {""position"": 2, ""probability_drop"": 0.019275, ""pooling_weight"": 0.04524, ""word"": "","", ""char_start"": 2, ""mapping_status"": ""verified_text_fragment_no_speech_timestamp""}, {""position"": 4, ""probability_drop"": 0.010613, ""pooling_weight"": 0.137594, ""word"": ""name"", ""start_s"": 2.1249, ""end_s"": 2.2452, ""alignment_confidence"": 0.9935, ""char_start"": 7}]","[{""position"": 5, ""probability_drop"": 0.001866, ""pooling_weight"": 0.081516, ""word"": ""is"", ""start_s"": 2.3054, ""end_s"": 2.3655, ""alignment_confidence"": 0.5995, ""char_start"": 12}, {""position"": 15, ""probability_drop"": 0.001537, ""pooling_weight"": 0.073697, ""word"": ""."", ""char_start"": 60, ""mapping_status"": ""verified_text_fragment_no_speech_timestamp""}, {""position"": 14, ""probability_drop"": 0.001471, ""pooling_weight"": 0.073712, ""word"": ""Marketing"", ""start_s"": 4.9916, ""end_s"": 5.4527, ""alignment_confidence"": 0.8341, ""char_start"": 51}]","[{""position"": 4, ""probability_drop"": 0.009936, ""pooling_weight"": 0.075937, ""word"": ""name"", ""start_s"": 2.1249, ""end_s"": 2.2452, ""alignment_confidence"": 0.9935, ""char_start"": 7}, {""position"": 3, ""probability_drop"": 0.009882, ""pooling_weight"": 0.074839, ""word"": ""my"", ""start_s"": 1.9646, ""end_s"": 2.0648, ""alignment_confidence"": 0.9998, ""char_start"": 4}, {""position"": 2, ""probability_drop"": 0.00929, ""pooling_weight"": 0.073895, ""word"": "","", ""char_start"": 2, ""mapping_status"": ""verified_text_fragment_no_speech_timestamp""}]"
06,Positive,0.51974,0.49456,text,0.6502,0.0855,0.2644,0.27972,-0.03676,-0.11373,impressive,3.9688,4.4098,0.9337,0.8807947019867549,0.7456709677419356,True,有非零视觉特征,False,"[{""position"": 21, ""probability_drop"": 0.027216, ""pooling_weight"": 0.046015, ""word"": ""impressive"", ""start_s"": 3.9688, ""end_s"": 4.4098, ""alignment_confidence"": 0.9337, ""char_start"": 79}, {""position"": 6, ""probability_drop"": 0.026974, ""pooling_weight"": 0.042816, ""word"": ""fan"", ""start_s"": 0.8218, ""end_s"": 0.9421, ""alignment_confidence"": 0.63, ""char_start"": 12}, {""position"": 24, ""probability_drop"": 0.017571, ""pooling_weight"": 0.031072, ""word"": ""then"", ""start_s"": 5.5924, ""end_s"": 5.6926, ""alignment_confidence"": 0.5046, ""char_start"": 102}]","[{""position"": 24, ""probability_drop"": 0.001984, ""pooling_weight"": 0.037491, ""word"": ""then"", ""start_s"": 5.5924, ""end_s"": 5.6926, ""alignment_confidence"": 0.5046, ""char_start"": 102}, {""position"": 21, ""probability_drop"": 0.001633, ""pooling_weight"": 0.03581, ""word"": ""impressive"", ""start_s"": 3.9688, ""end_s"": 4.4098, ""alignment_confidence"": 0.9337, ""char_start"": 79}, {""position"": 8, ""probability_drop"": 0.001163, ""pooling_weight"": 0.042369, ""word"": ""dancing"", ""start_s"": 1.1024, ""end_s"": 1.4833, ""alignment_confidence"": 0.9777, ""char_start"": 19}]","[{""position"": 26, ""probability_drop"": -0.001515, ""pooling_weight"": 0.030303, ""word"": ""might"", ""start_s"": 5.8329, ""end_s"": 5.9732, ""alignment_confidence"": 0.9914, ""char_start"": 111}, {""position"": 35, ""probability_drop"": -0.001548, ""pooling_weight"": 0.027497, ""word"": ""that"", ""start_s"": 7.3964, ""end_s"": 7.657, ""alignment_confidence"": 0.5591, ""char_start"": 157}, {""position"": 27, ""probability_drop"": -0.001724, ""pooling_weight"": 0.030483, ""word"": ""want"", ""start_s"": 5.9933, ""end_s"": 6.0935, ""alignment_confidence"": 0.6936, ""char_start"": 117}]"
07,Positive,0.58569,0.58425,text,0.7995,0.1843,0.0162,0.29222,-0.06737,-0.00593,enthusiastically,6.0016,7.0218,0.958,0.4977238239757208,0.9065607843137254,True,有非零视觉特征,False,"[{""position"": 21, ""probability_drop"": 0.055414, ""pooling_weight"": 0.11401, ""word"": ""enthusiastically"", ""start_s"": 6.0016, ""end_s"": 7.0218, ""alignment_confidence"": 0.958, ""char_start"": 87}, {""position"": 26, ""probability_drop"": 0.010851, ""pooling_weight"": 0.017333, ""word"": ""growing"", ""start_s"": 8.8223, ""end_s"": 9.1224, ""alignment_confidence"": 0.9799, ""char_start"": 128}, {""position"": 20, ""probability_drop"": 0.008182, ""pooling_weight"": 0.051419, ""word"": ""“"", ""char_start"": 86, ""mapping_status"": ""verified_text_fragment_no_speech_timestamp""}]","[{""position"": 1, ""probability_drop"": 0.002184, ""pooling_weight"": 0.024135, ""word"": ""As"", ""start_s"": 0.5802, ""end_s"": 0.6602, ""alignment_confidence"": 0.9934, ""char_start"": 0}, {""position"": 47, ""probability_drop"": 0.000948, ""pooling_weight"": 0.014237, ""word"": ""the"", ""start_s"": 15.0039, ""end_s"": 15.0639, ""alignment_confidence"": 0.9991, ""char_start"": 231}, {""position"": 24, ""probability_drop"": 0.000623, ""pooling_weight"": 0.015808, ""word"": ""topics"", ""start_s"": 7.702, ""end_s"": 8.1421, ""alignment_confidence"": 0.9773, ""char_start"": 118}]","[{""position"": 17, ""probability_drop"": 0.000768, ""pooling_weight"": 0.023802, ""word"": ""issue"", ""start_s"": 4.0411, ""end_s"": 4.3011, ""alignment_confidence"": 0.9822, ""char_start"": 69}, {""position"": 18, ""probability_drop"": 0.000726, ""pooling_weight"": 0.023537, ""word"": "","", ""char_start"": 74, ""mapping_status"": ""verified_text_fragment_no_speech_timestamp""}, {""position"": 45, ""probability_drop"": 0.000682, ""pooling_weight"": 0.021538, ""word"": ""with"", ""start_s"": 14.3237, ""end_s"": 14.4438, ""alignment_confidence"": 0.9906, ""char_start"": 221}]"
08,Positive,0.56841,0.53327,text,0.6391,0.1192,0.2417,0.38571,-0.07192,-0.14586,Grand,3.3858,3.6863,0.9688,0.96875,0.9665,True,有非零视觉特征,False,"[{""position"": 10, ""probability_drop"": 0.086193, ""pooling_weight"": 0.181087, ""word"": ""Grand"", ""start_s"": 3.3858, ""end_s"": 3.6863, ""alignment_confidence"": 0.9688, ""char_start"": 48}, {""position"": 2, ""probability_drop"": 0.060356, ""pooling_weight"": 0.13117, ""word"": ""brings"", ""start_s"": 0.8615, ""end_s"": 1.0618, ""alignment_confidence"": 0.9535, ""char_start"": 5}, {""position"": 8, ""probability_drop"": 0.039296, ""pooling_weight"": 0.128087, ""word"": ""Universal"", ""start_s"": 2.0435, ""end_s"": 2.5043, ""alignment_confidence"": 0.9943, ""char_start"": 31}]","[{""position"": 1, ""probability_drop"": 0.010294, ""pooling_weight"": 0.089964, ""word"": ""That"", ""start_s"": 0.6411, ""end_s"": 0.7813, ""alignment_confidence"": 0.9125, ""char_start"": 0}, {""position"": 3, ""probability_drop"": 0.003062, ""pooling_weight"": 0.076895, ""word"": ""us"", ""start_s"": 1.142, ""end_s"": 1.2021, ""alignment_confidence"": 0.99, ""char_start"": 12}, {""position"": 4, ""probability_drop"": -0.001794, ""pooling_weight"": 0.069097, ""word"": ""to"", ""start_s"": 1.2622, ""end_s"": 1.3423, ""alignment_confidence"": 0.9976, ""char_start"": 15}]","[{""position"": 10, ""probability_drop"": -0.013011, ""pooling_weight"": 0.091848, ""word"": ""Grand"", ""start_s"": 3.3858, ""end_s"": 3.6863, ""alignment_confidence"": 0.9688, ""char_start"": 48}, {""position"": 11, ""probability_drop"": -0.013451, ""pooling_weight"": 0.093001, ""word"": ""Challenge"", ""start_s"": 3.7865, ""end_s"": 4.2673, ""alignment_confidence"": 0.9547, ""char_start"": 54}, {""position"": 9, ""probability_drop"": -0.014327, ""pooling_weight"": 0.085857, ""word"": ""Design"", ""start_s"": 2.6045, ""end_s"": 3.0452, ""alignment_confidence"": 0.9977, ""char_start"": 41}]"
09,Negative,-1.52241,0.94523,text,0.928,0.052,0.02,0.57241,-0.03209,0.01234,not,1.3667,1.4672,0.9106,0.8805970149253731,0.8569928571428571,True,有非零视觉特征,False,"[{""position"": 7, ""probability_drop"": 0.002957, ""pooling_weight"": 0.134763, ""word"": ""not"", ""start_s"": 1.3667, ""end_s"": 1.4672, ""alignment_confidence"": 0.9106, ""char_start"": 12}, {""position"": 18, ""probability_drop"": 0.002243, ""pooling_weight"": 0.05895, ""word"": ""it"", ""start_s"": 4.1403, ""end_s"": 4.3614, ""alignment_confidence"": 0.3994, ""char_start"": 62}, {""position"": 6, ""probability_drop"": 0.002061, ""pooling_weight"": 0.083958, ""word"": ""did"", ""start_s"": 1.226, ""end_s"": 1.3265, ""alignment_confidence"": 0.9929, ""char_start"": 8}]","[{""position"": 7, ""probability_drop"": 0.000299, ""pooling_weight"": 0.074377, ""word"": ""not"", ""start_s"": 1.3667, ""end_s"": 1.4672, ""alignment_confidence"": 0.9106, ""char_start"": 12}, {""position"": 14, ""probability_drop"": -2.4e-05, ""pooling_weight"": 0.063924, ""word"": ""I"", ""start_s"": 2.8138, ""end_s"": 2.8339, ""alignment_confidence"": 0.9979, ""char_start"": 40}, {""position"": 8, ""probability_drop"": -6.6e-05, ""pooling_weight"": 0.063681, ""word"": ""like"", ""start_s"": 1.4873, ""end_s"": 1.6079, ""alignment_confidence"": 0.9367, ""char_start"": 16}]","[{""position"": 14, ""probability_drop"": -4.4e-05, ""pooling_weight"": 0.068875, ""word"": ""I"", ""start_s"": 2.8138, ""end_s"": 2.8339, ""alignment_confidence"": 0.9979, ""char_start"": 40}, {""position"": 13, ""probability_drop"": -4.8e-05, ""pooling_weight"": 0.05957, ""word"": "","", ""char_start"": 38, ""mapping_status"": ""verified_text_fragment_no_speech_timestamp""}, {""position"": 10, ""probability_drop"": -5.7e-05, ""pooling_weight"": 0.04834, ""word"": ""movie"", ""start_s"": 1.8893, ""end_s"": 2.251, ""alignment_confidence"": 0.8334, ""char_start"": 26}]"
10,Negative,-1.11635,0.86029,text,0.8126,0.0922,0.0952,0.60785,-0.06895,-0.07118,terrible,8.6938,9.2147,0.7076,0.9140625,0.843904,True,有非零视觉特征,False,"[{""position"": 30, ""probability_drop"": 0.025526, ""pooling_weight"": 0.09434, ""word"": ""terrible"", ""start_s"": 8.6938, ""end_s"": 9.2147, ""alignment_confidence"": 0.7076, ""char_start"": 121}, {""position"": 29, ""probability_drop"": 0.013188, ""pooling_weight"": 0.254739, ""word"": ""pretty"", ""start_s"": 8.3934, ""end_s"": 8.6137, ""alignment_confidence"": 0.9993, ""char_start"": 114}, {""position"": 28, ""probability_drop"": 0.011818, ""pooling_weight"": 0.052809, ""word"": ""was"", ""start_s"": 7.512, ""end_s"": 7.6722, ""alignment_confidence"": 0.9958, ""char_start"": 110}]","[{""position"": 13, ""probability_drop"": -1.2e-05, ""pooling_weight"": 0.040229, ""word"": ""fluffy"", ""start_s"": 3.2051, ""end_s"": 3.5256, ""alignment_confidence"": 0.8076, ""char_start"": 43}, {""position"": 15, ""probability_drop"": -0.000231, ""pooling_weight"": 0.03121, ""word"": ""flicks"", ""start_s"": 3.9062, ""end_s"": 4.1867, ""alignment_confidence"": 0.7205, ""char_start"": 56}, {""position"": 14, ""probability_drop"": -0.000374, ""pooling_weight"": 0.028017, ""word"": ""chick"", ""start_s"": 3.6458, ""end_s"": 3.8461, ""alignment_confidence"": 0.9794, ""char_start"": 50}]","[{""position"": 5, ""probability_drop"": 0.0001, ""pooling_weight"": 0.043578, ""word"": ""you"", ""start_s"": 1.3421, ""end_s"": 1.4223, ""alignment_confidence"": 0.8706, ""char_start"": 10}, {""position"": 6, ""probability_drop"": -0.000388, ""pooling_weight"": 0.036833, ""word"": ""know"", ""start_s"": 1.4623, ""end_s"": 1.5825, ""alignment_confidence"": 0.9853, ""char_start"": 14}, {""position"": 4, ""probability_drop"": -0.000863, ""pooling_weight"": 0.031408, ""word"": ""And"", ""start_s"": 1.2219, ""end_s"": 1.3021, ""alignment_confidence"": 0.7832, ""char_start"": 6}]"
11,Negative,-1.14666,0.89663,text,0.9745,0.0178,0.0077,0.49892,0.0091,-0.00396,ashamed,0.923,1.3444,0.969,0.8907563025210085,0.7560428571428571,True,有非零视觉特征,False,"[{""position"": 4, ""probability_drop"": 0.044359, ""pooling_weight"": 0.250945, ""word"": ""ashamed"", ""start_s"": 0.923, ""end_s"": 1.3444, ""alignment_confidence"": 0.969, ""char_start"": 11}, {""position"": 3, ""probability_drop"": 0.020323, ""pooling_weight"": 0.121014, ""word"": ""be"", ""start_s"": 0.7826, ""end_s"": 0.8628, ""alignment_confidence"": 0.9991, ""char_start"": 8}, {""position"": 2, ""probability_drop"": 0.017022, ""pooling_weight"": 0.146953, ""word"": ""would"", ""start_s"": 0.6221, ""end_s"": 0.7424, ""alignment_confidence"": 0.2549, ""char_start"": 2}]","[{""position"": 3, ""probability_drop"": 0.000407, ""pooling_weight"": 0.08538, ""word"": ""be"", ""start_s"": 0.7826, ""end_s"": 0.8628, ""alignment_confidence"": 0.9991, ""char_start"": 8}, {""position"": 2, ""probability_drop"": -0.00011, ""pooling_weight"": 0.064598, ""word"": ""would"", ""start_s"": 0.6221, ""end_s"": 0.7424, ""alignment_confidence"": 0.2549, ""char_start"": 2}, {""position"": 12, ""probability_drop"": -0.000251, ""pooling_weight"": 0.082621, ""word"": ""was"", ""start_s"": 4.6353, ""end_s"": 4.7156, ""alignment_confidence"": 0.2701, ""char_start"": 47}]","[{""position"": 2, ""probability_drop"": -0.000735, ""pooling_weight"": 0.064268, ""word"": ""would"", ""start_s"": 0.6221, ""end_s"": 0.7424, ""alignment_confidence"": 0.2549, ""char_start"": 2}, {""position"": 5, ""probability_drop"": -0.000761, ""pooling_weight"": 0.071023, ""word"": ""to"", ""start_s"": 3.2307, ""end_s"": 3.2909, ""alignment_confidence"": 0.9579, ""char_start"": 19}, {""position"": 4, ""probability_drop"": -0.000798, ""pooling_weight"": 0.070367, ""word"": ""ashamed"", ""start_s"": 0.923, ""end_s"": 1.3444, ""alignment_confidence"": 0.969, ""char_start"": 11}]"
12,Negative,-1.0926,0.88106,text,0.8542,0.1071,0.0388,0.53094,-0.06656,0.0241,low,12.0336,12.2739,0.9916,0.9719101123595506,0.9446828571428572,True,有非零视觉特征,False,"[{""position"": 41, ""probability_drop"": 0.008997, ""pooling_weight"": 0.057692, ""word"": ""low"", ""start_s"": 12.0336, ""end_s"": 12.2739, ""alignment_confidence"": 0.9916, ""char_start"": 182}, {""position"": 30, ""probability_drop"": 0.008056, ""pooling_weight"": 0.047985, ""word"": ""let"", ""start_s"": 9.0903, ""end_s"": 9.2304, ""alignment_confidence"": 0.9719, ""char_start"": 134}, {""position"": 15, ""probability_drop"": 0.007389, ""pooling_weight"": 0.033359, ""word"": ""fault"", ""start_s"": 5.5863, ""end_s"": 5.7865, ""alignment_confidence"": 0.9981, ""char_start"": 70}]","[{""position"": 7, ""probability_drop"": 8.1e-05, ""pooling_weight"": 0.02168, ""word"": ""had"", ""start_s"": 2.5028, ""end_s"": 2.7031, ""alignment_confidence"": 0.9988, ""char_start"": 35}, {""position"": 38, ""probability_drop"": -6.2e-05, ""pooling_weight"": 0.022877, ""word"": ""scores"", ""start_s"": 11.3328, ""end_s"": 11.5931, ""alignment_confidence"": 0.7073, ""char_start"": 167}, {""position"": 6, ""probability_drop"": -0.000166, ""pooling_weight"": 0.024181, ""word"": ""previously"", ""start_s"": 1.9422, ""end_s"": 2.4227, ""alignment_confidence"": 0.9241, ""char_start"": 24}]","[{""position"": 21, ""probability_drop"": -0.000527, ""pooling_weight"": 0.023396, ""word"": ""perhaps"", ""start_s"": 7.108, ""end_s"": 7.4885, ""alignment_confidence"": 0.9439, ""char_start"": 93}, {""position"": 18, ""probability_drop"": -0.000547, ""pooling_weight"": 0.024042, ""word"": ""own"", ""start_s"": 6.2671, ""end_s"": 6.3872, ""alignment_confidence"": 0.984, ""char_start"": 85}, {""position"": 34, ""probability_drop"": -0.000548, ""pooling_weight"": 0.025243, ""word"": ""sag"", ""start_s"": 9.9513, ""end_s"": 10.3117, ""alignment_confidence"": 0.7713, ""char_start"": 151}]"
13,Neutral,0.18692,0.57156,text,0.7625,0.2375,0.0,0.25124,0.07824,0.0,take,1.1031,1.2435,0.9764,0.8366533864541833,0.7210000000000001,True,对齐版视觉全零,False,"[{""position"": 6, ""probability_drop"": 0.00829, ""pooling_weight"": 0.03395, ""word"": ""take"", ""start_s"": 1.1031, ""end_s"": 1.2435, ""alignment_confidence"": 0.9764, ""char_start"": 21}, {""position"": 19, ""probability_drop"": 0.008247, ""pooling_weight"": 0.047688, ""word"": ""a"", ""start_s"": 5.0541, ""end_s"": 5.0742, ""alignment_confidence"": 0.0088, ""char_start"": 71}, {""position"": 20, ""probability_drop"": 0.007808, ""pooling_weight"": 0.054744, ""word"": ""relationship"", ""start_s"": 5.1143, ""end_s"": 5.6758, ""alignment_confidence"": 0.9503, ""char_start"": 73}]","[{""position"": 16, ""probability_drop"": 0.004628, ""pooling_weight"": 0.05265, ""word"": ""I"", ""start_s"": 4.6931, ""end_s"": 4.7132, ""alignment_confidence"": 0.0314, ""char_start"": 60}, {""position"": 13, ""probability_drop"": 0.003982, ""pooling_weight"": 0.046694, ""word"": ""that"", ""start_s"": 3.9109, ""end_s"": 4.0313, ""alignment_confidence"": 0.8848, ""char_start"": 49}, {""position"": 17, ""probability_drop"": 0.001918, ""pooling_weight"": 0.040259, ""word"": ""can"", ""start_s"": 4.7533, ""end_s"": 4.8335, ""alignment_confidence"": 0.6434, ""char_start"": 62}]",[]
14,Neutral,0.48618,0.50111,text,0.6702,0.0578,0.2719,0.38057,0.03284,-0.1544,co,0.7805,0.8805,0.9997,0.9174917491749176,0.8458,True,有非零视觉特征,False,"[{""position"": 4, ""probability_drop"": 0.021746, ""pooling_weight"": 0.107446, ""word"": ""co"", ""start_s"": 0.7805, ""end_s"": 0.8805, ""alignment_confidence"": 0.9997, ""char_start"": 10}, {""position"": 12, ""probability_drop"": 0.01211, ""pooling_weight"": 0.041125, ""word"": ""Vettese"", ""start_s"": 2.1413, ""end_s"": 2.4615, ""alignment_confidence"": 0.6351, ""char_start"": 35}, {""position"": 8, ""probability_drop"": 0.011511, ""pooling_weight"": 0.064168, ""word"": ""Rossen"", ""start_s"": 1.581, ""end_s"": 1.9612, ""alignment_confidence"": 0.6751, ""char_start"": 24}]","[{""position"": 29, ""probability_drop"": 0.002416, ""pooling_weight"": 0.033092, ""word"": ""at"", ""start_s"": 8.2852, ""end_s"": 8.3252, ""alignment_confidence"": 0.9957, ""char_start"": 128}, {""position"": 34, ""probability_drop"": 0.002278, ""pooling_weight"": 0.04287, ""word"": ""University"", ""start_s"": 9.0657, ""end_s"": 9.606, ""alignment_confidence"": 0.9745, ""char_start"": 146}, {""position"": 35, ""probability_drop"": 0.002261, ""pooling_weight"": 0.04221, ""word"": ""."", ""char_start"": 156, ""mapping_status"": ""verified_text_fragment_no_speech_timestamp""}]","[{""position"": 3, ""probability_drop"": -0.001959, ""pooling_weight"": 0.031431, ""word"": ""the"", ""start_s"": 0.6804, ""end_s"": 0.7405, ""alignment_confidence"": 0.2542, ""char_start"": 6}, {""position"": 6, ""probability_drop"": -0.002112, ""pooling_weight"": 0.032795, ""word"": ""founder"", ""start_s"": 1.0206, ""end_s"": 1.3208, ""alignment_confidence"": 0.9385, ""char_start"": 13}, {""position"": 4, ""probability_drop"": -0.002115, ""pooling_weight"": 0.032217, ""word"": ""co"", ""start_s"": 0.7805, ""end_s"": 0.8805, ""alignment_confidence"": 0.9997, ""char_start"": 10}]"
15,Positive,0.88705,0.77047,text,0.7629,0.1999,0.0372,0.33391,0.08751,-0.01628,transform,6.7532,6.9937,0.2915,0.2125984251968504,0.3793647058823529,True,有非零视觉特征,False,"[{""position"": 20, ""probability_drop"": 0.016275, ""pooling_weight"": 0.032588, ""word"": ""transform"", ""start_s"": 6.7532, ""end_s"": 6.9937, ""alignment_confidence"": 0.2915, ""char_start"": 102}, {""position"": 13, ""probability_drop"": 0.013618, ""pooling_weight"": 0.063, ""word"": ""because"", ""start_s"": 3.6271, ""end_s"": 4.0078, ""alignment_confidence"": 0.2224, ""char_start"": 64}, {""position"": 19, ""probability_drop"": 0.011878, ""pooling_weight"": 0.022481, ""word"": ""to"", ""start_s"": 6.4326, ""end_s"": 6.5127, ""alignment_confidence"": 0.0, ""char_start"": 99}]","[{""position"": 20, ""probability_drop"": 0.001075, ""pooling_weight"": 0.045448, ""word"": ""transform"", ""start_s"": 6.7532, ""end_s"": 6.9937, ""alignment_confidence"": 0.2915, ""char_start"": 102}, {""position"": 19, ""probability_drop"": 0.000557, ""pooling_weight"": 0.053102, ""word"": ""to"", ""start_s"": 6.4326, ""end_s"": 6.5127, ""alignment_confidence"": 0.0, ""char_start"": 99}, {""position"": 14, ""probability_drop"": 0.000274, ""pooling_weight"": 0.037352, ""word"": ""they"", ""start_s"": 4.2483, ""end_s"": 4.5289, ""alignment_confidence"": 0.3822, ""char_start"": 72}]","[{""position"": 21, ""probability_drop"": 0.003022, ""pooling_weight"": 0.066395, ""word"": ""lives"", ""start_s"": 7.0338, ""end_s"": 7.2943, ""alignment_confidence"": 0.5651, ""char_start"": 112}, {""position"": 20, ""probability_drop"": 0.00015, ""pooling_weight"": 0.056106, ""word"": ""transform"", ""start_s"": 6.7532, ""end_s"": 6.9937, ""alignment_confidence"": 0.2915, ""char_start"": 102}, {""position"": 17, ""probability_drop"": -0.001035, ""pooling_weight"": 0.057527, ""word"": ""its"", ""start_s"": 5.3304, ""end_s"": 5.4507, ""alignment_confidence"": 0.6666, ""char_start"": 89}]"
16,Negative,-1.67515,0.94291,text,0.8932,0.0898,0.017,0.59914,-0.06022,0.01142,terrible,1.8343,2.1769,0.9941,0.7560975609756098,0.762225,True,有非零视觉特征,False,"[{""position"": 10, ""probability_drop"": 0.007994, ""pooling_weight"": 0.252682, ""word"": ""terrible"", ""start_s"": 1.8343, ""end_s"": 2.1769, ""alignment_confidence"": 0.9941, ""char_start"": 27}, {""position"": 5, ""probability_drop"": 0.004855, ""pooling_weight"": 0.194593, ""word"": ""terrible"", ""start_s"": 0.8063, ""end_s"": 1.1893, ""alignment_confidence"": 0.9686, ""char_start"": 7}, {""position"": 1, ""probability_drop"": 0.002588, ""pooling_weight"": 0.031103, ""word"": ""It's"", ""start_s"": 0.4838, ""end_s"": 0.6249, ""alignment_confidence"": 0.5473, ""char_start"": 0}]","[{""position"": 10, ""probability_drop"": 0.000203, ""pooling_weight"": 0.110924, ""word"": ""terrible"", ""start_s"": 1.8343, ""end_s"": 2.1769, ""alignment_confidence"": 0.9941, ""char_start"": 27}, {""position"": 9, ""probability_drop"": 4e-05, ""pooling_weight"": 0.108478, ""word"": ""a"", ""start_s"": 1.7335, ""end_s"": 1.7536, ""alignment_confidence"": 0.9672, ""char_start"": 25}, {""position"": 1, ""probability_drop"": -0.000136, ""pooling_weight"": 0.094202, ""word"": ""It's"", ""start_s"": 0.4838, ""end_s"": 0.6249, ""alignment_confidence"": 0.5473, ""char_start"": 0}]","[{""position"": 7, ""probability_drop"": -0.00096, ""pooling_weight"": 0.086371, ""word"": ""this"", ""start_s"": 1.5118, ""end_s"": 1.5924, ""alignment_confidence"": 0.2467, ""char_start"": 17}, {""position"": 9, ""probability_drop"": -0.001024, ""pooling_weight"": 0.081366, ""word"": ""a"", ""start_s"": 1.7335, ""end_s"": 1.7536, ""alignment_confidence"": 0.9672, ""char_start"": 25}, {""position"": 10, ""probability_drop"": -0.001053, ""pooling_weight"": 0.081597, ""word"": ""terrible"", ""start_s"": 1.8343, ""end_s"": 2.1769, ""alignment_confidence"": 0.9941, ""char_start"": 27}]"
17,Positive,1.25695,0.86076,text,0.8786,0.0684,0.0529,0.57483,-0.04477,-0.03464,and,6.4357,6.556,0.9992,0.953846153846154,0.9486954545454545,True,有非零视觉特征,False,"[{""position"": 13, ""probability_drop"": 0.006021, ""pooling_weight"": 0.026717, ""word"": ""and"", ""start_s"": 6.4357, ""end_s"": 6.556, ""alignment_confidence"": 0.9992, ""char_start"": 74}, {""position"": 14, ""probability_drop"": 0.005999, ""pooling_weight"": 0.052186, ""word"": ""will"", ""start_s"": 6.8167, ""end_s"": 6.957, ""alignment_confidence"": 0.999, ""char_start"": 78}, {""position"": 9, ""probability_drop"": 0.005598, ""pooling_weight"": 0.055714, ""word"": ""is"", ""start_s"": 4.3707, ""end_s"": 4.4509, ""alignment_confidence"": 0.8856, ""char_start"": 58}]","[{""position"": 2, ""probability_drop"": 0.001437, ""pooling_weight"": 0.063263, ""word"": ""these"", ""start_s"": 1.0826, ""end_s"": 1.3032, ""alignment_confidence"": 0.9976, ""char_start"": 9}, {""position"": 4, ""probability_drop"": 0.001201, ""pooling_weight"": 0.059779, ""word"": ""design"", ""start_s"": 1.7643, ""end_s"": 2.1252, ""alignment_confidence"": 0.9888, ""char_start"": 20}, {""position"": 3, ""probability_drop"": 0.001014, ""pooling_weight"": 0.059919, ""word"": ""four"", ""start_s"": 1.4435, ""end_s"": 1.6841, ""alignment_confidence"": 0.9765, ""char_start"": 15}]","[{""position"": 17, ""probability_drop"": -0.000674, ""pooling_weight"": 0.049199, ""word"": ""think"", ""start_s"": 7.4582, ""end_s"": 7.6186, ""alignment_confidence"": 0.9999, ""char_start"": 95}, {""position"": 18, ""probability_drop"": -0.000696, ""pooling_weight"": 0.049603, ""word"": ""you"", ""start_s"": 7.7189, ""end_s"": 7.7991, ""alignment_confidence"": 0.9951, ""char_start"": 101}, {""position"": 7, ""probability_drop"": -0.000733, ""pooling_weight"": 0.042228, ""word"": ""your"", ""start_s"": 2.9673, ""end_s"": 3.0875, ""alignment_confidence"": 0.9914, ""char_start"": 39}]"
18,Negative,-0.42198,0.50178,text,0.8165,0.1371,0.0464,0.14086,-0.02365,-0.00801,denied,9.028,9.4284,0.9624,0.3453510436432637,0.8876772727272727,True,有非零视觉特征,False,"[{""position"": 29, ""probability_drop"": 0.072157, ""pooling_weight"": 0.101214, ""word"": ""denied"", ""start_s"": 9.028, ""end_s"": 9.4284, ""alignment_confidence"": 0.9624, ""char_start"": 123}, {""position"": 40, ""probability_drop"": 0.062886, ""pooling_weight"": 0.091818, ""word"": ""failed"", ""start_s"": 12.7914, ""end_s"": 13.0916, ""alignment_confidence"": 0.9535, ""char_start"": 187}, {""position"": 35, ""probability_drop"": 0.036835, ""pooling_weight"": 0.04376, ""word"": ""fact"", ""start_s"": 11.6704, ""end_s"": 11.8906, ""alignment_confidence"": 0.9793, ""char_start"": 161}]","[{""position"": 10, ""probability_drop"": 0.003339, ""pooling_weight"": 0.032635, ""word"": ""fishery"", ""start_s"": 2.8225, ""end_s"": 3.2429, ""alignment_confidence"": 0.9558, ""char_start"": 39}, {""position"": 9, ""probability_drop"": 0.003031, ""pooling_weight"": 0.023626, ""word"": ""Cod"", ""start_s"": 2.4622, ""end_s"": 2.7224, ""alignment_confidence"": 0.9544, ""char_start"": 35}, {""position"": 8, ""probability_drop"": 0.002322, ""pooling_weight"": 0.020189, ""word"": ""Baltic"", ""start_s"": 2.0018, ""end_s"": 2.3621, ""alignment_confidence"": 0.867, ""char_start"": 28}]","[{""position"": 36, ""probability_drop"": -0.000233, ""pooling_weight"": 0.020345, ""word"": ""that"", ""start_s"": 11.9306, ""end_s"": 12.0507, ""alignment_confidence"": 0.9804, ""char_start"": 166}, {""position"": 37, ""probability_drop"": -0.000265, ""pooling_weight"": 0.020457, ""word"": ""the"", ""start_s"": 12.0707, ""end_s"": 12.1308, ""alignment_confidence"": 0.9905, ""char_start"": 171}, {""position"": 38, ""probability_drop"": -0.000343, ""pooling_weight"": 0.02018, ""word"": ""fishery"", ""start_s"": 12.1908, ""end_s"": 12.5512, ""alignment_confidence"": 0.945, ""char_start"": 175}]"
19,Negative,0.39698,0.45311,text,0.5886,0.1697,0.2417,0.20107,-0.05796,-0.08258,unfortunately,5.3442,6.0648,0.9703,0.982885085574572,0.964560606060606,True,有非零视觉特征,True,"[{""position"": 15, ""probability_drop"": 0.040044, ""pooling_weight"": 0.08147, ""word"": ""unfortunately"", ""start_s"": 5.3442, ""end_s"": 6.0648, ""alignment_confidence"": 0.9703, ""char_start"": 75}, {""position"": 17, ""probability_drop"": 0.035279, ""pooling_weight"": 0.027097, ""word"": ""haters"", ""start_s"": 6.3851, ""end_s"": 6.7454, ""alignment_confidence"": 0.9902, ""char_start"": 94}, {""position"": 12, ""probability_drop"": 0.030453, ""pooling_weight"": 0.020088, ""word"": ""mistakes"", ""start_s"": 3.9031, ""end_s"": 4.4035, ""alignment_confidence"": 0.9725, ""char_start"": 61}]","[{""position"": 33, ""probability_drop"": 0.003075, ""pooling_weight"": 0.034649, ""word"": ""for"", ""start_s"": 11.349, ""end_s"": 11.4291, ""alignment_confidence"": 0.9995, ""char_start"": 170}, {""position"": 5, ""probability_drop"": 0.001886, ""pooling_weight"": 0.023925, ""word"": ""forgiving"", ""start_s"": 1.8014, ""end_s"": 2.2218, ""alignment_confidence"": 0.9969, ""char_start"": 24}, {""position"": 19, ""probability_drop"": 0.001687, ""pooling_weight"": 0.020443, ""word"": ""out"", ""start_s"": 6.8254, ""end_s"": 6.9255, ""alignment_confidence"": 0.9722, ""char_start"": 101}]","[{""position"": 3, ""probability_drop"": -0.000688, ""pooling_weight"": 0.025868, ""word"": ""surprisingly"", ""start_s"": 0.9608, ""end_s"": 1.7014, ""alignment_confidence"": 0.9949, ""char_start"": 11}, {""position"": 36, ""probability_drop"": -0.000921, ""pooling_weight"": 0.029663, ""word"": ""part"", ""start_s"": 11.8294, ""end_s"": 12.0095, ""alignment_confidence"": 0.9811, ""char_start"": 183}, {""position"": 37, ""probability_drop"": -0.000924, ""pooling_weight"": 0.029702, ""word"": "","", ""char_start"": 187, ""mapping_status"": ""verified_text_fragment_no_speech_timestamp""}]"
20,Positive,0.87076,0.80982,text,0.702,0.0108,0.2871,0.31204,0.00482,0.12763,course,0.8207,1.041,0.9492,0.8539944903581267,0.8711142857142857,True,有非零视觉特征,False,"[{""position"": 3, ""probability_drop"": 0.008031, ""pooling_weight"": 0.05647, ""word"": ""course"", ""start_s"": 0.8207, ""end_s"": 1.041, ""alignment_confidence"": 0.9492, ""char_start"": 7}, {""position"": 18, ""probability_drop"": 0.005484, ""pooling_weight"": 0.025559, ""word"": ""and"", ""start_s"": 4.5642, ""end_s"": 4.6442, ""alignment_confidence"": 0.9458, ""char_start"": 76}, {""position"": 23, ""probability_drop"": 0.004712, ""pooling_weight"": 0.050179, ""word"": ""more"", ""start_s"": 5.2248, ""end_s"": 5.465, ""alignment_confidence"": 0.9327, ""char_start"": 91}]","[{""position"": 1, ""probability_drop"": 0.000343, ""pooling_weight"": 0.024727, ""word"": ""And"", ""start_s"": 0.5605, ""end_s"": 0.6406, ""alignment_confidence"": 0.997, ""char_start"": 0}, {""position"": 12, ""probability_drop"": 0.000239, ""pooling_weight"": 0.029296, ""word"": ""of"", ""start_s"": 2.6624, ""end_s"": 2.7025, ""alignment_confidence"": 0.9992, ""char_start"": 52}, {""position"": 38, ""probability_drop"": 0.000235, ""pooling_weight"": 0.016693, ""word"": ""end"", ""start_s"": 9.0483, ""end_s"": 9.1083, ""alignment_confidence"": 0.9992, ""char_start"": 151}]","[{""position"": 17, ""probability_drop"": 0.00159, ""pooling_weight"": 0.024165, ""word"": "","", ""char_start"": 74, ""mapping_status"": ""verified_text_fragment_no_speech_timestamp""}, {""position"": 15, ""probability_drop"": 0.001574, ""pooling_weight"": 0.02378, ""word"": ""for"", ""start_s"": 3.323, ""end_s"": 3.4632, ""alignment_confidence"": 0.6169, ""char_start"": 66}, {""position"": 16, ""probability_drop"": 0.001571, ""pooling_weight"": 0.023908, ""word"": ""more"", ""start_s"": 3.5432, ""end_s"": 3.7835, ""alignment_confidence"": 0.9679, ""char_start"": 70}]"
