sample_id,预测极性,预测情感强度,分类置信度,极性强度方向冲突
01,Negative,-0.37082,0.58794,False
02,Neutral,0.14992,0.82363,False
03,Neutral,0.12384,0.81926,False
04,Neutral,0.28166,0.45886,False
05,Negative,-1.18693,0.80948,False
06,Positive,0.61849,0.65711,False
07,Neutral,0.27519,0.45854,False
08,Neutral,0.38094,0.48762,False
09,Positive,1.19819,0.87356,False
10,Neutral,0.04038,0.82142,False
11,Neutral,-0.00392,0.56922,False
12,Positive,0.74495,0.67112,False
13,Neutral,-0.09758,0.53771,False
14,Negative,-0.38994,0.51452,False
15,Positive,0.83367,0.7219,False
16,Positive,1.6068,0.93139,False
17,Neutral,-0.12496,0.59806,False
18,Neutral,0.32742,0.59842,False
19,Neutral,-0.10062,0.67235,False
20,Neutral,0.08664,0.75996,False
21,Positive,0.45346,0.4824,False
22,Positive,0.43795,0.51659,False
23,Neutral,0.19786,0.73294,False
24,Negative,0.11167,0.44835,True
25,Neutral,0.15223,0.72927,False
26,Positive,0.49264,0.57362,False
27,Positive,0.60645,0.56598,False
28,Neutral,0.31151,0.58573,False
29,Neutral,0.28771,0.56834,False
30,Neutral,0.23269,0.60169,False
