feature,seed,acc,f1_macro,f1_weighted,mae,pearson,acc2,f1_2
text,2026,0.63,0.5210670117917745,0.6057614322691975,0.6305043457448483,0.4072549565675394,0.82,0.8888888888888888
text,2027,0.62,0.5093288777499304,0.5869172932330826,0.6152844183146954,0.41029094372701885,0.84,0.9024390243902439
text,2028,0.64,0.529810298102981,0.6173170731707317,0.6913480824232101,0.24228277857551017,0.82,0.8902439024390244
audio,2026,0.52,0.4541062801932367,0.532608695652174,0.8982358931005001,0.02248093126095831,0.68,0.7922077922077922
audio,2027,0.51,0.44852782579148753,0.5175526304126223,0.9250205849111081,-0.03954535368197605,0.7,0.8051948051948052
audio,2028,0.51,0.4404040404040404,0.517979797979798,0.9021113477647305,0.07458490531091228,0.69,0.8
vision,2026,0.38,0.32821884492268233,0.4159584300921987,0.6729876710474492,0.19000051963978262,0.6,0.7402597402597403
vision,2027,0.44,0.4009746588693957,0.46033333333333337,0.6637336148321629,0.06512891104694879,0.65,0.7741935483870968
vision,2028,0.39,0.33055351557187546,0.4140918808649531,0.6764205852150917,0.2609036333355356,0.65,0.7770700636942676
fusion,2026,0.65,0.5292123366577796,0.6175846746321715,0.6536584424972535,0.35367949687909955,0.83,0.8944099378881988
fusion,2027,0.67,0.5766381766381766,0.6424468864468864,0.6281364540755748,0.3279674348557823,0.87,0.9212121212121213
fusion,2028,0.7,0.6061740607195153,0.6827609900337173,0.6834301388263703,0.2392172342334673,0.85,0.9079754601226994
