sample_id,modality,rank,position,probability_drop,pooling_weight,word,start_s,end_s,alignment_confidence,char_start,mapping_status
01,text,1,22,0.013152,0.0522,requirements,7.6852,8.2656,0.9638,125,
01,text,2,11,0.008021,0.219306,essential,3.7826,4.2629,0.9996,66,
01,text,3,9,0.007263,0.042446,belt,3.0421,3.2222,0.9996,58,
01,audio,1,22,0.00279,0.088205,requirements,7.6852,8.2656,0.9638,125,
01,audio,2,1,0.000449,0.045117,Replacing,0.5003,0.9406,0.9779,0,
01,audio,3,18,0.000173,0.050645,to,6.8447,6.9247,0.9999,110,
01,vision,1,4,0.000833,0.055319,components,1.481,1.9613,0.9868,21,
01,vision,2,1,0.000482,0.039423,Replacing,0.5003,0.9406,0.9779,0,
01,vision,3,3,0.000418,0.04938,wear,1.2208,1.401,0.7427,16,
02,text,1,3,0.023248,0.157503,to,0.7419,0.782,0.9953,8,
02,text,2,2,0.020112,0.162886,want,0.6015,0.7018,0.9965,3,
02,text,3,1,0.012086,0.046227,We,0.4812,0.5414,0.999,0,
02,audio,1,4,0.008547,0.054031,live,0.8221,0.9424,0.9995,11,
02,audio,2,18,0.005904,0.043065,misery,2.4863,2.767,0.9712,64,
02,audio,3,5,0.005854,0.037155,by,0.9825,1.0426,0.9989,16,
02,vision,1,15,0.000566,0.056304,other’s,2.2457,2.4462,0.9794,56,
02,vision,2,11,0.000466,0.053217,-,,,,42,verified_text_fragment_no_speech_timestamp
02,vision,3,14,0.000465,0.05388,each,2.1053,2.2055,0.9683,51,
03,text,1,15,0.016834,0.023097,Bankwest,3.0074,3.689,0.9914,55,
03,text,2,4,0.011851,0.025872,one,0.8822,0.9824,0.9362,8,
03,text,3,13,0.010353,0.037878,is,2.6064,2.7066,0.7194,47,
03,audio,1,22,0.003405,0.043153,rental,5.1526,5.3932,0.8309,79,
03,audio,2,29,0.002467,0.017542,rental,7.5184,7.8192,0.8819,117,
03,audio,3,21,0.002338,0.037815,take,4.8118,4.9922,0.9966,74,
03,vision,1,24,0.00159,0.032667,into,5.9145,6.135,0.9711,93,
03,vision,2,14,0.001473,0.038458,just,2.7267,2.8871,0.9347,50,
03,vision,3,23,0.001343,0.032751,income,5.4935,5.7942,0.9381,86,
04,text,1,25,0.098398,0.156418,not,6.0266,6.2468,0.9902,103,
04,text,2,21,0.088675,0.141614,goodbye,4.4849,4.9654,0.8691,82,
04,text,3,10,0.03358,0.081239,should,2.1824,2.3426,0.9684,35,
04,audio,1,7,0.001125,0.047481,team,1.2814,1.4416,0.9896,20,
04,audio,2,10,-0.0006,0.030749,should,2.1824,2.3426,0.9684,35,
04,audio,3,6,-0.000736,0.04618,the,1.1813,1.2414,0.9919,16,
04,vision,1,3,-0.001344,0.039784,blow,0.7408,0.9611,0.8691,5,
04,vision,2,4,-0.001553,0.039641,it,1.0211,1.0612,0.5412,10,
04,vision,3,2,-0.002671,0.035554,I,0.6207,0.6407,0.9997,3,
05,text,1,5,0.02673,0.109251,is,2.3054,2.3655,0.5995,12,
05,text,2,2,0.019275,0.04524,",",,,,2,verified_text_fragment_no_speech_timestamp
05,text,3,4,0.010613,0.137594,name,2.1249,2.2452,0.9935,7,
05,audio,1,5,0.001866,0.081516,is,2.3054,2.3655,0.5995,12,
05,audio,2,15,0.001537,0.073697,.,,,,60,verified_text_fragment_no_speech_timestamp
05,audio,3,14,0.001471,0.073712,Marketing,4.9916,5.4527,0.8341,51,
05,vision,1,4,0.009936,0.075937,name,2.1249,2.2452,0.9935,7,
05,vision,2,3,0.009882,0.074839,my,1.9646,2.0648,0.9998,4,
05,vision,3,2,0.00929,0.073895,",",,,,2,verified_text_fragment_no_speech_timestamp
06,text,1,21,0.027216,0.046015,impressive,3.9688,4.4098,0.9337,79,
06,text,2,6,0.026974,0.042816,fan,0.8218,0.9421,0.63,12,
06,text,3,24,0.017571,0.031072,then,5.5924,5.6926,0.5046,102,
06,audio,1,24,0.001984,0.037491,then,5.5924,5.6926,0.5046,102,
06,audio,2,21,0.001633,0.03581,impressive,3.9688,4.4098,0.9337,79,
06,audio,3,8,0.001163,0.042369,dancing,1.1024,1.4833,0.9777,19,
06,vision,1,26,-0.001515,0.030303,might,5.8329,5.9732,0.9914,111,
06,vision,2,35,-0.001548,0.027497,that,7.3964,7.657,0.5591,157,
06,vision,3,27,-0.001724,0.030483,want,5.9933,6.0935,0.6936,117,
07,text,1,21,0.055414,0.11401,enthusiastically,6.0016,7.0218,0.958,87,
07,text,2,26,0.010851,0.017333,growing,8.8223,9.1224,0.9799,128,
07,text,3,20,0.008182,0.051419,“,,,,86,verified_text_fragment_no_speech_timestamp
07,audio,1,1,0.002184,0.024135,As,0.5802,0.6602,0.9934,0,
07,audio,2,47,0.000948,0.014237,the,15.0039,15.0639,0.9991,231,
07,audio,3,24,0.000623,0.015808,topics,7.702,8.1421,0.9773,118,
07,vision,1,17,0.000768,0.023802,issue,4.0411,4.3011,0.9822,69,
07,vision,2,18,0.000726,0.023537,",",,,,74,verified_text_fragment_no_speech_timestamp
07,vision,3,45,0.000682,0.021538,with,14.3237,14.4438,0.9906,221,
08,text,1,10,0.086193,0.181087,Grand,3.3858,3.6863,0.9688,48,
08,text,2,2,0.060356,0.13117,brings,0.8615,1.0618,0.9535,5,
08,text,3,8,0.039296,0.128087,Universal,2.0435,2.5043,0.9943,31,
08,audio,1,1,0.010294,0.089964,That,0.6411,0.7813,0.9125,0,
08,audio,2,3,0.003062,0.076895,us,1.142,1.2021,0.99,12,
08,audio,3,4,-0.001794,0.069097,to,1.2622,1.3423,0.9976,15,
08,vision,1,10,-0.013011,0.091848,Grand,3.3858,3.6863,0.9688,48,
08,vision,2,11,-0.013451,0.093001,Challenge,3.7865,4.2673,0.9547,54,
08,vision,3,9,-0.014327,0.085857,Design,2.6045,3.0452,0.9977,41,
09,text,1,7,0.002957,0.134763,not,1.3667,1.4672,0.9106,12,
09,text,2,18,0.002243,0.05895,it,4.1403,4.3614,0.3994,62,
09,text,3,6,0.002061,0.083958,did,1.226,1.3265,0.9929,8,
09,audio,1,7,0.000299,0.074377,not,1.3667,1.4672,0.9106,12,
09,audio,2,14,-2.4e-05,0.063924,I,2.8138,2.8339,0.9979,40,
09,audio,3,8,-6.6e-05,0.063681,like,1.4873,1.6079,0.9367,16,
09,vision,1,14,-4.4e-05,0.068875,I,2.8138,2.8339,0.9979,40,
09,vision,2,13,-4.8e-05,0.05957,",",,,,38,verified_text_fragment_no_speech_timestamp
09,vision,3,10,-5.7e-05,0.04834,movie,1.8893,2.251,0.8334,26,
10,text,1,30,0.025526,0.09434,terrible,8.6938,9.2147,0.7076,121,
10,text,2,29,0.013188,0.254739,pretty,8.3934,8.6137,0.9993,114,
10,text,3,28,0.011818,0.052809,was,7.512,7.6722,0.9958,110,
10,audio,1,13,-1.2e-05,0.040229,fluffy,3.2051,3.5256,0.8076,43,
10,audio,2,15,-0.000231,0.03121,flicks,3.9062,4.1867,0.7205,56,
10,audio,3,14,-0.000374,0.028017,chick,3.6458,3.8461,0.9794,50,
10,vision,1,5,0.0001,0.043578,you,1.3421,1.4223,0.8706,10,
10,vision,2,6,-0.000388,0.036833,know,1.4623,1.5825,0.9853,14,
10,vision,3,4,-0.000863,0.031408,And,1.2219,1.3021,0.7832,6,
11,text,1,4,0.044359,0.250945,ashamed,0.923,1.3444,0.969,11,
11,text,2,3,0.020323,0.121014,be,0.7826,0.8628,0.9991,8,
11,text,3,2,0.017022,0.146953,would,0.6221,0.7424,0.2549,2,
11,audio,1,3,0.000407,0.08538,be,0.7826,0.8628,0.9991,8,
11,audio,2,2,-0.00011,0.064598,would,0.6221,0.7424,0.2549,2,
11,audio,3,12,-0.000251,0.082621,was,4.6353,4.7156,0.2701,47,
11,vision,1,2,-0.000735,0.064268,would,0.6221,0.7424,0.2549,2,
11,vision,2,5,-0.000761,0.071023,to,3.2307,3.2909,0.9579,19,
11,vision,3,4,-0.000798,0.070367,ashamed,0.923,1.3444,0.969,11,
12,text,1,41,0.008997,0.057692,low,12.0336,12.2739,0.9916,182,
12,text,2,30,0.008056,0.047985,let,9.0903,9.2304,0.9719,134,
12,text,3,15,0.007389,0.033359,fault,5.5863,5.7865,0.9981,70,
12,audio,1,7,8.1e-05,0.02168,had,2.5028,2.7031,0.9988,35,
12,audio,2,38,-6.2e-05,0.022877,scores,11.3328,11.5931,0.7073,167,
12,audio,3,6,-0.000166,0.024181,previously,1.9422,2.4227,0.9241,24,
12,vision,1,21,-0.000527,0.023396,perhaps,7.108,7.4885,0.9439,93,
12,vision,2,18,-0.000547,0.024042,own,6.2671,6.3872,0.984,85,
12,vision,3,34,-0.000548,0.025243,sag,9.9513,10.3117,0.7713,151,
13,text,1,6,0.00829,0.03395,take,1.1031,1.2435,0.9764,21,
13,text,2,19,0.008247,0.047688,a,5.0541,5.0742,0.0088,71,
13,text,3,20,0.007808,0.054744,relationship,5.1143,5.6758,0.9503,73,
13,audio,1,16,0.004628,0.05265,I,4.6931,4.7132,0.0314,60,
13,audio,2,13,0.003982,0.046694,that,3.9109,4.0313,0.8848,49,
13,audio,3,17,0.001918,0.040259,can,4.7533,4.8335,0.6434,62,
14,text,1,4,0.021746,0.107446,co,0.7805,0.8805,0.9997,10,
14,text,2,12,0.01211,0.041125,Vettese,2.1413,2.4615,0.6351,35,
14,text,3,8,0.011511,0.064168,Rossen,1.581,1.9612,0.6751,24,
14,audio,1,29,0.002416,0.033092,at,8.2852,8.3252,0.9957,128,
14,audio,2,34,0.002278,0.04287,University,9.0657,9.606,0.9745,146,
14,audio,3,35,0.002261,0.04221,.,,,,156,verified_text_fragment_no_speech_timestamp
14,vision,1,3,-0.001959,0.031431,the,0.6804,0.7405,0.2542,6,
14,vision,2,6,-0.002112,0.032795,founder,1.0206,1.3208,0.9385,13,
14,vision,3,4,-0.002115,0.032217,co,0.7805,0.8805,0.9997,10,
15,text,1,20,0.016275,0.032588,transform,6.7532,6.9937,0.2915,102,
15,text,2,13,0.013618,0.063,because,3.6271,4.0078,0.2224,64,
15,text,3,19,0.011878,0.022481,to,6.4326,6.5127,0.0,99,
15,audio,1,20,0.001075,0.045448,transform,6.7532,6.9937,0.2915,102,
15,audio,2,19,0.000557,0.053102,to,6.4326,6.5127,0.0,99,
15,audio,3,14,0.000274,0.037352,they,4.2483,4.5289,0.3822,72,
15,vision,1,21,0.003022,0.066395,lives,7.0338,7.2943,0.5651,112,
15,vision,2,20,0.00015,0.056106,transform,6.7532,6.9937,0.2915,102,
15,vision,3,17,-0.001035,0.057527,its,5.3304,5.4507,0.6666,89,
16,text,1,10,0.007994,0.252682,terrible,1.8343,2.1769,0.9941,27,
16,text,2,5,0.004855,0.194593,terrible,0.8063,1.1893,0.9686,7,
16,text,3,1,0.002588,0.031103,It's,0.4838,0.6249,0.5473,0,
16,audio,1,10,0.000203,0.110924,terrible,1.8343,2.1769,0.9941,27,
16,audio,2,9,4e-05,0.108478,a,1.7335,1.7536,0.9672,25,
16,audio,3,1,-0.000136,0.094202,It's,0.4838,0.6249,0.5473,0,
16,vision,1,7,-0.00096,0.086371,this,1.5118,1.5924,0.2467,17,
16,vision,2,9,-0.001024,0.081366,a,1.7335,1.7536,0.9672,25,
16,vision,3,10,-0.001053,0.081597,terrible,1.8343,2.1769,0.9941,27,
17,text,1,13,0.006021,0.026717,and,6.4357,6.556,0.9992,74,
17,text,2,14,0.005999,0.052186,will,6.8167,6.957,0.999,78,
17,text,3,9,0.005598,0.055714,is,4.3707,4.4509,0.8856,58,
17,audio,1,2,0.001437,0.063263,these,1.0826,1.3032,0.9976,9,
17,audio,2,4,0.001201,0.059779,design,1.7643,2.1252,0.9888,20,
17,audio,3,3,0.001014,0.059919,four,1.4435,1.6841,0.9765,15,
17,vision,1,17,-0.000674,0.049199,think,7.4582,7.6186,0.9999,95,
17,vision,2,18,-0.000696,0.049603,you,7.7189,7.7991,0.9951,101,
17,vision,3,7,-0.000733,0.042228,your,2.9673,3.0875,0.9914,39,
18,text,1,29,0.072157,0.101214,denied,9.028,9.4284,0.9624,123,
18,text,2,40,0.062886,0.091818,failed,12.7914,13.0916,0.9535,187,
18,text,3,35,0.036835,0.04376,fact,11.6704,11.8906,0.9793,161,
18,audio,1,10,0.003339,0.032635,fishery,2.8225,3.2429,0.9558,39,
18,audio,2,9,0.003031,0.023626,Cod,2.4622,2.7224,0.9544,35,
18,audio,3,8,0.002322,0.020189,Baltic,2.0018,2.3621,0.867,28,
18,vision,1,36,-0.000233,0.020345,that,11.9306,12.0507,0.9804,166,
18,vision,2,37,-0.000265,0.020457,the,12.0707,12.1308,0.9905,171,
18,vision,3,38,-0.000343,0.02018,fishery,12.1908,12.5512,0.945,175,
19,text,1,15,0.040044,0.08147,unfortunately,5.3442,6.0648,0.9703,75,
19,text,2,17,0.035279,0.027097,haters,6.3851,6.7454,0.9902,94,
19,text,3,12,0.030453,0.020088,mistakes,3.9031,4.4035,0.9725,61,
19,audio,1,33,0.003075,0.034649,for,11.349,11.4291,0.9995,170,
19,audio,2,5,0.001886,0.023925,forgiving,1.8014,2.2218,0.9969,24,
19,audio,3,19,0.001687,0.020443,out,6.8254,6.9255,0.9722,101,
19,vision,1,3,-0.000688,0.025868,surprisingly,0.9608,1.7014,0.9949,11,
19,vision,2,36,-0.000921,0.029663,part,11.8294,12.0095,0.9811,183,
19,vision,3,37,-0.000924,0.029702,",",,,,187,verified_text_fragment_no_speech_timestamp
20,text,1,3,0.008031,0.05647,course,0.8207,1.041,0.9492,7,
20,text,2,18,0.005484,0.025559,and,4.5642,4.6442,0.9458,76,
20,text,3,23,0.004712,0.050179,more,5.2248,5.465,0.9327,91,
20,audio,1,1,0.000343,0.024727,And,0.5605,0.6406,0.997,0,
20,audio,2,12,0.000239,0.029296,of,2.6624,2.7025,0.9992,52,
20,audio,3,38,0.000235,0.016693,end,9.0483,9.1083,0.9992,151,
20,vision,1,17,0.00159,0.024165,",",,,,74,verified_text_fragment_no_speech_timestamp
20,vision,2,15,0.001574,0.02378,for,3.323,3.4632,0.6169,66,
20,vision,3,16,0.001571,0.023908,more,3.5432,3.7835,0.9679,70,
